Timestamp;Open;High;Low;Close;Volume (BTC);Volume (Currency);Weighted Price
2017-11-11 00:00:00;5587;5600;5580.2;5581;14.69;82032.52;5584.4
2017-11-11 00:05:00;5584.5;5600;5582.1;5599.9;33.33;186474.64;5595.28
2017-11-11 00:10:00;5600;5624.7;5597.2;5624.4;43.12;241656.05;5604.36
2017-11-11 00:15:00;5613;5680;5613;5679.8;9.28;52472.78;5652.38
2017-11-11 00:20:00;5638.7;5678;5630;5640.2;16.72;94310.89;5640.71
2017-11-11 00:25:00;5640.2;5640.2;5618.6;5618.6;20.85;117304.65;5627.16
2017-11-11 00:30:00;5618.5;5644.7;5610.5;5644.7;22.73;127838.87;5625.28
2017-11-11 00:35:00;5621.9;5641;5617.6;5640.6;2.83;15946.01;5628.61
2017-11-11 00:40:00;5638.6;5690.7;5625;5645.1;40.1;226531.36;5648.88
2017-11-11 00:45:00;5645.1;5670.4;5638.5;5670.4;14.78;83494.38;5649.87
2017-11-11 00:50:00;5670.4;5689.3;5661.4;5689.3;19.95;113425.36;5685.65
2017-11-11 00:55:00;5689.3;5730;5689.3;5725.1;26.54;151389.78;5703.3
2017-11-11 01:00:00;5725.4;5746.6;5725.4;5746.6;7.23;41497.51;5740.06
2017-11-11 01:05:00;5745.5;5750;5744.2;5748.4;49.71;285746.27;5748.75
2017-11-11 01:10:00;5748.4;5768.8;5747.4;5749.9;20.79;119645.07;5753.82
2017-11-11 01:15:00;5753.9;5755.1;5720.4;5720.4;42.93;246293.87;5736.57
2017-11-11 01:20:00;5723;5725.2;5706.3;5725.2;23.3;133299.54;5721.45
2017-11-11 01:25:00;5727;5745.7;5727;5735.4;4.01;22990.65;5738.18
2017-11-11 01:30:00;5735.4;5760.5;5730.4;5749.6;31.87;183160.63;5747.97
2017-11-11 01:35:00;5740.6;5768.3;5738;5760.4;23.14;133150.07;5753.52
2017-11-11 01:40:00;5760.5;5774.6;5750;5774.6;3.54;20432.31;5764.5
2017-11-11 01:45:00;5772.7;5798.3;5772.5;5781.5;12.12;70045.18;5778.91
2017-11-11 01:50:00;5781.5;5800;5770.3;5797.1;48.7;282166.47;5794.01
2017-11-11 01:55:00;5797.2;5800;5797.2;5800;21.73;126040.92;5799.47
2017-11-11 02:00:00;5800;5800;5775;5775;16.75;97014.11;5790.8
2017-11-11 02:05:00;5774.9;5775;5746.7;5765;20.36;117454.28;5769.42
2017-11-11 02:10:00;5764.4;5780.3;5746.7;5765;8.64;49734.14;5757.89
2017-11-11 02:15:00;5770.1;5790;5769.4;5780.3;9.24;53393.12;5777.79
2017-11-11 02:20:00;5790;5790;5740;5755.8;21.71;125059.54;5760.85
2017-11-11 02:25:00;5758.9;5759.3;5726.1;5754.3;15.11;86874.92;5747.6
2017-11-11 02:30:00;5754.3;5754.3;5722;5747.9;10.37;59538.69;5739.32
2017-11-11 02:35:00;5745;5768.8;5745;5747.9;12.45;71578.35;5750.07
2017-11-11 02:40:00;5747.7;5769.4;5747.7;5761;8.41;48398.06;5753.29
2017-11-11 02:45:00;5762.1;5769.4;5760.4;5766.3;12.55;72366.66;5765.41
2017-11-11 02:50:00;5767.1;5779.9;5766.9;5779.9;6.91;39902.22;5774.96
2017-11-11 02:55:00;5771.1;5787.9;5767.3;5779.7;14.47;83591.45;5776.29
2017-11-11 03:00:00;5778.8;5790;5765;5772.3;13.66;78861.41;5774.65
2017-11-11 03:05:00;5770;5777.5;5760.4;5766.2;5.14;29648.06;5770.07
2017-11-11 03:10:00;5766.6;5769.9;5750;5759.3;4.69;27016.92;5762.77
2017-11-11 03:15:00;5759.1;5759.1;5734.3;5747.4;9.4;54010.48;5746.99
2017-11-11 03:20:00;5746.7;5746.7;5724.6;5740;3.5;20044.55;5732.28
2017-11-11 03:25:00;5740;5740;5725.5;5739.5;8.61;49418.82;5737.99
2017-11-11 03:30:00;5735.4;5751;5735.4;5740.4;9.42;54086.09;5738.98
2017-11-11 03:35:00;5748.5;5752.6;5747.7;5748.4;0.84;4808.65;5748.32
2017-11-11 03:40:00;5748.4;5776.8;5748.4;5766.9;3.4;19545.46;5754.64
2017-11-11 03:45:00;5767;5785.3;5753.3;5753.3;5.82;33534.96;5766.44
2017-11-11 03:50:00;5753.3;5787;5752.5;5775.5;8.78;50614.35;5767.52
2017-11-11 03:55:00;5775.3;5776.1;5757.6;5776.1;8.92;51497.94;5773.09
2017-11-11 04:00:00;5775.5;5786.1;5752.7;5756.2;9.14;52729.59;5768.69
2017-11-11 04:05:00;5752.9;5755.5;5742.7;5742.7;7.73;44444.61;5752.22
2017-11-11 04:10:00;5742.7;5752.2;5738.9;5745;4.56;26223.75;5745.27
2017-11-11 04:15:00;5750.4;5755.1;5745.9;5749.5;2.43;13978.72;5749.66
2017-11-11 04:20:00;5748.4;5754.9;5748.3;5751.9;8.33;47942.41;5752.47
2017-11-11 04:25:00;5751.9;5755.4;5750;5751.5;4.83;27780.33;5751.87
2017-11-11 04:30:00;5751.5;5755.4;5751.5;5754.2;3.81;21948.87;5754.24
2017-11-11 04:35:00;5754.2;5765;5752.4;5754.7;6.2;35660.89;5755.48
2017-11-11 04:40:00;5759.9;5765;5756.5;5762.7;3.08;17738.09;5762.8
2017-11-11 04:45:00;5762.7;5766.6;5762.7;5766.6;30.13;173741.54;5765.88
2017-11-11 04:50:00;5766.6;5775;5766.5;5775;9.23;53246.46;5766.95
2017-11-11 04:55:00;5775;5789.9;5775;5779;0.84;4836.88;5781.15
2017-11-11 05:00:00;5779;5789;5777.2;5783.6;23.93;138496.86;5787.69
2017-11-11 05:05:00;5783.6;5788.4;5779;5780;11.5;66521.84;5784.99
2017-11-11 05:10:00;5783.4;5783.5;5755;5766.2;33.27;191985.91;5770.11
2017-11-11 05:15:00;5766.3;5766.4;5753.2;5754.6;22.63;130437.79;5764.8
2017-11-11 05:20:00;5754.6;5765.8;5753.3;5753.3;6.46;37180.89;5755
2017-11-11 05:25:00;5753.4;5753.4;5721.1;5748.4;6.96;39989.91;5742.47
2017-11-11 05:30:00;5748.4;5748.4;5700;5700.7;38.38;218949.7;5704.55
2017-11-11 05:35:00;5700.7;5701.4;5676.3;5678.5;7.39;41980.26;5682.73
2017-11-11 05:40:00;5680.4;5694.4;5677;5680.5;8.41;47774.3;5680.15
2017-11-11 05:45:00;5685;5709.8;5680.5;5698.8;13.35;75984.62;5693.32
2017-11-11 05:50:00;5698.9;5709.2;5685.2;5687.1;7.08;40296.96;5694.76
2017-11-11 05:55:00;5685.2;5687.1;5657.7;5660;14.24;80824.76;5676.77
2017-11-11 06:00:00;5680;5698.5;5662.5;5698.5;9.8;55663.49;5682.52
2017-11-11 06:05:00;5698.5;5719.6;5691.9;5714;35.75;203974.7;5705.98
2017-11-11 06:10:00;5714.4;5724.8;5710;5724.8;4.44;25376.14;5717.24
2017-11-11 06:15:00;5724.8;5734.9;5720;5721.4;5.67;32476.12;5726.18
2017-11-11 06:20:00;5720.3;5722.2;5705;5706.4;8.98;51279.48;5712.59
2017-11-11 06:25:00;5706.4;5716;5701.2;5716;13;74189.8;5707.48
2017-11-11 06:30:00;5716;5716;5700;5700;18.81;107461.07;5713.57
2017-11-11 06:35:00;5700;5719.1;5687;5699.4;11.61;66237.5;5706.87
2017-11-11 06:40:00;5699.6;5718.3;5699.4;5714.8;3.63;20693.27;5705.57
2017-11-11 06:45:00;5715.7;5730.7;5701.2;5725.8;6.31;36050.26;5715.78
2017-11-11 06:50:00;5725.8;5725.8;5714.7;5716;5.62;32106.21;5717.67
2017-11-11 06:55:00;5715.8;5735.2;5715.8;5735.2;9.56;54736.59;5723.17
2017-11-11 07:00:00;5720;5757;5719.2;5738.9;23.47;134800.96;5743.34
2017-11-11 07:05:00;5738.9;5742.6;5720.4;5726;26.66;152931.4;5736.16
2017-11-11 07:10:00;5726.2;5732.3;5720;5728.1;24.25;138846.7;5726.34
2017-11-11 07:15:00;5728.6;5735.4;5728.2;5734.8;17.05;97759.4;5733.01
2017-11-11 07:20:00;5732.4;5734.7;5720;5726.7;27.53;157675.69;5728.3
2017-11-11 07:25:00;5728.7;5728.7;5684.8;5700.5;35.21;201089.09;5711.77
2017-11-11 07:30:00;5700.5;5700.5;5672.1;5679.3;23.95;136144.05;5684.24
2017-11-11 07:35:00;5679.3;5679.3;5650;5660;20.39;115589.22;5668.71
2017-11-11 07:40:00;5651.1;5669.8;5650;5660.2;27.11;153403.48;5659.08
2017-11-11 07:45:00;5660;5685;5656;5682.6;27.9;157989.28;5662.05
2017-11-11 07:50:00;5684.9;5716.5;5675.6;5700;33.56;191321;5701.15
2017-11-11 07:55:00;5716.5;5722;5636.3;5636.3;76.48;433740.85;5671.37
2017-11-11 08:00:00;5690.8;5690.8;5614.4;5679;63.83;360038.95;5640.28
2017-11-11 08:05:00;5678;5700;5649.8;5699.8;20.35;115405.23;5671.37
2017-11-11 08:10:00;5700;5719.7;5700;5719.7;25.95;148311.42;5714.25
2017-11-11 08:15:00;5711.1;5725;5710.3;5710.3;18.51;105909.52;5720.36
2017-11-11 08:20:00;5719.3;5726.9;5700;5725;17.3;98986.71;5722.84
2017-11-11 08:25:00;5725;5737.6;5724;5726.2;19.48;111659.6;5731.97
2017-11-11 08:30:00;5726.1;5739.3;5726.1;5734.6;11.82;67774.51;5734.08
2017-11-11 08:35:00;5737.9;5776.9;5737.9;5763.2;56.28;324607.91;5767.25
2017-11-11 08:40:00;5770.3;5774.4;5752.2;5770.1;21.66;124956.16;5769.45
2017-11-11 08:45:00;5770.1;5772;5770;5770;18.81;108559.95;5770.59
2017-11-11 08:50:00;5770;5775.2;5769.1;5771.9;29.31;169143.39;5771.67
2017-11-11 08:55:00;5771.9;5780;5771.7;5772.4;16.39;94651.04;5775.29
2017-11-11 09:00:00;5772.4;5780;5770;5777;16.21;93623.61;5774.63
2017-11-11 09:05:00;5777.1;5781.8;5743.5;5743.5;26.98;155587.11;5765.8
2017-11-11 09:10:00;5741.7;5760.5;5730;5739.4;26.77;153590.87;5736.96
2017-11-11 09:15:00;5741.8;5744;5726.2;5730;15.92;91314.98;5736.21
2017-11-11 09:20:00;5730;5744.8;5724;5744.8;15.04;86259.04;5734.92
2017-11-11 09:25:00;5744.9;5769.3;5729.5;5751.7;19.43;111673.78;5747.77
2017-11-11 09:30:00;5750;5752;5723.1;5745;12.1;69452.06;5740.82
2017-11-11 09:35:00;5745;5752;5741.4;5752;15.21;87400.88;5747.37
2017-11-11 09:40:00;5752;5774.8;5752;5774.5;13.26;76417.17;5764.54
2017-11-11 09:45:00;5773.1;5774.7;5761;5773.9;20.62;119046.32;5771.99
2017-11-11 09:50:00;5773.9;5773.9;5714;5717.7;93.8;536652.64;5721.37
2017-11-11 09:55:00;5749.4;5749.8;5708;5735.4;12.32;70483.82;5722.35
2017-11-11 10:00:00;5708;5708;5703.9;5704.7;28.52;162789.79;5707.45
2017-11-11 10:05:00;5703.9;5717.5;5700.5;5702.1;23.09;131689.16;5703.97
2017-11-11 10:10:00;5703.3;5718.4;5673.2;5673.2;97.66;555417.67;5687.42
2017-11-11 10:15:00;5673.5;5709.9;5585;5600;132.58;747205.3;5635.82
2017-11-11 10:20:00;5600;5669.9;5582.4;5669.9;47.95;268112.85;5591.86
2017-11-11 10:25:00;5669.8;5709;5660;5660;17.32;98363.75;5679.24
2017-11-11 10:30:00;5660;5660;5660;5660;8.29;46899.42;5660
2017-11-11 10:35:00;5660;5660;5600;5600;14.11;79241.32;5616.19
2017-11-11 10:40:00;5605;5606;5578;5593.4;173.39;970517.3;5597.41
2017-11-11 10:45:00;5599.4;5599.4;5570.8;5575;22.97;128126.86;5578.21
2017-11-11 10:50:00;5570.8;5585;5570.8;5573;35.53;198199.7;5578.91
2017-11-11 10:55:00;5572;5580;5560;5560.1;78.33;436133.43;5567.89
2017-11-11 11:00:00;5560;5569.8;5514.8;5514.8;143;793997.9;5552.25
2017-11-11 11:05:00;5532.2;5561;5500.7;5512.2;152.96;844047.94;5518.14
2017-11-11 11:10:00;5512.2;5529;5480;5506.3;112.92;621368.72;5502.89
2017-11-11 11:15:00;5532.1;5574;5480;5519.7;59.97;330415.64;5510.08
2017-11-11 11:20:00;5500;5532.9;5461.1;5461.1;70.3;385541.18;5484.51
2017-11-11 11:25:00;5490.5;5490.5;5408.9;5408.9;181.74;989080.35;5442.39
2017-11-11 11:30:00;5433.5;5434.9;5399;5401.2;83.08;449285.55;5407.63
2017-11-11 11:35:00;5401.2;5432;5359.2;5395;122.75;662240.62;5394.82
2017-11-11 11:40:00;5395;5421;5348.3;5402.2;149.09;802533.58;5382.73
2017-11-11 11:45:00;5420.9;5456;5400;5400;12.54;67944.65;5417.57
2017-11-11 11:50:00;5400;5456;5400;5410;51.6;279368.55;5414.06
2017-11-11 11:55:00;5410;5410;5381;5399.5;117.34;634198.27;5404.86
2017-11-11 12:00:00;5399.5;5399.5;5345.2;5345.2;150.76;812103.17;5386.59
2017-11-11 12:05:00;5345.2;5380;5320.5;5320.5;142.98;763587.17;5340.65
2017-11-11 12:10:00;5320.5;5338;5301.3;5303.6;59.95;318343.51;5309.93
2017-11-11 12:15:00;5303.8;5306.2;5301.3;5301.3;94.78;502620.82;5302.87
2017-11-11 12:20:00;5301.3;5306.3;5294;5294;116.12;615527.39;5300.61
2017-11-11 12:25:00;5294;5306.3;5265.3;5265.3;202.04;1069209.29;5292.06
2017-11-11 12:30:00;5290.5;5290.5;5216;5216;219.62;1155063.4;5259.27
2017-11-11 12:35:00;5215.2;5253.6;5109;5134.9;502.36;2604600.75;5184.69
2017-11-11 12:40:00;5135;5135;5091;5120;279.82;1429080.69;5107.14
2017-11-11 12:45:00;5120;5280;5075;5280;228.66;1176636.5;5145.77
2017-11-11 12:50:00;5200.2;5298.6;5151;5267.6;84.47;441323.22;5224.84
2017-11-11 12:55:00;5225;5284;5150;5168.7;206.68;1068459.83;5169.66
2017-11-11 13:00:00;5201;5240;5162.2;5212.2;34.79;181540.7;5217.53
2017-11-11 13:05:00;5212.2;5225;5180;5185;43.45;226041.04;5202
2017-11-11 13:10:00;5180;5190.5;5115;5160;80.67;415268.95;5147.75
2017-11-11 13:15:00;5170;5197.6;5140;5180;68.99;357289.54;5178.82
2017-11-11 13:20:00;5180;5223.9;5168;5197.6;60.93;316622.21;5196.61
2017-11-11 13:25:00;5197.6;5199;5135;5179.9;58.6;303175.45;5173.48
2017-11-11 13:30:00;5179.9;5219.8;5150;5185.1;212.39;1102404.47;5190.53
2017-11-11 13:35:00;5185.1;5185.1;5050.9;5118;189.51;969523.61;5115.83
2017-11-11 13:40:00;5118;5118;4961.3;4961.3;490.84;2472774.76;5037.82
2017-11-11 13:45:00;4983.5;5150;4940;5132.2;114.12;571120.48;5004.4
2017-11-11 13:50:00;5150;5250;5132.2;5200;54.66;283804.47;5192.1
2017-11-11 13:55:00;5250;5300;5200;5299;72.68;382796.73;5266.87
2017-11-11 14:00:00;5281.3;5335;5279.8;5335;47.32;250783.77;5300.3
2017-11-11 14:05:00;5329.6;5390;5306.4;5306.4;149.59;803899;5373.9
2017-11-11 14:10:00;5350;5380.9;5307;5355.8;42.91;229357.61;5345.44
2017-11-11 14:15:00;5369;5380.7;5308.2;5328.9;22.55;120903.11;5360.41
2017-11-11 14:20:00;5328.9;5333;5307.2;5318.8;55.45;295222.5;5324.39
2017-11-11 14:25:00;5307.4;5330;5300;5330;89.34;474309.15;5308.75
2017-11-11 14:30:00;5330;5330;5307.8;5315;67.81;360518.03;5316.48
2017-11-11 14:35:00;5315;5350;5314.8;5350;129.55;690857.97;5332.72
2017-11-11 14:40:00;5350;5376;5341.9;5367;23.57;126353.42;5360.22
2017-11-11 14:45:00;5367;5367;5360.3;5366.9;21.81;116978.19;5363.75
2017-11-11 14:50:00;5366.9;5408;5360.5;5400.4;88.03;473328.85;5376.99
2017-11-11 14:55:00;5400;5429.4;5400;5404;62.88;339951.11;5406
2017-11-11 15:00:00;5410;5410;5371.5;5392.8;113.62;613219.73;5397.15
2017-11-11 15:05:00;5380;5380;5307.4;5315.5;70.74;379251.79;5361.53
2017-11-11 15:10:00;5347.7;5358;5315.1;5358;56.24;300722.49;5347.27
2017-11-11 15:15:00;5349.9;5360;5330.2;5349.9;47.22;252635.76;5349.78
2017-11-11 15:20:00;5359.4;5365;5345.1;5364;87.95;471146.98;5357.2
2017-11-11 15:25:00;5364;5370;5312;5360;34;181945.48;5350.77
2017-11-11 15:30:00;5360;5389;5312.6;5349.9;41.44;221766.37;5350.99
2017-11-11 15:35:00;5350;5350;5321.1;5321.3;21.46;114490.64;5335.51
2017-11-11 15:40:00;5328.4;5360.3;5321.3;5360;69.24;370732;5354.24
2017-11-11 15:45:00;5360;5360;5312;5322.1;79.91;427158.97;5345.67
2017-11-11 15:50:00;5315.1;5350;5312;5315;59.78;317965.26;5318.7
2017-11-11 15:55:00;5315;5329;5300.8;5320;76.74;407824.66;5314.58
2017-11-11 16:00:00;5320;5360;5310;5350;51.87;276541.98;5331.69
2017-11-11 16:05:00;5350.1;5359.9;5350;5355.9;41.62;222721.17;5351.13
2017-11-11 16:10:00;5355.9;5355.9;5353;5353;2.48;13288.22;5353.55
2017-11-11 16:15:00;5353;5448.7;5353;5414.5;130.58;703774.07;5389.72
2017-11-11 16:20:00;5412.6;5429.9;5370;5429.9;21.29;115200.91;5410
2017-11-11 16:25:00;5429.9;5448.4;5400;5423;50.71;275347.81;5430.35
2017-11-11 16:30:00;5423;5428;5375.7;5400;31.54;170493.26;5406.27
2017-11-11 16:35:00;5390.1;5390.1;5376;5381;22.63;121834.43;5383.07
2017-11-11 16:40:00;5383.8;5420;5376;5385;62.31;336240.45;5396.51
2017-11-11 16:45:00;5385;5426;5385;5425;16.67;90106.59;5403.95
2017-11-11 16:50:00;5425;5426;5420;5420;16.79;91046.1;5424.17
2017-11-11 16:55:00;5419.1;5420;5385;5400;19.78;106884.12;5404.97
2017-11-11 17:00:00;5400;5400;5359.7;5370;56.07;301681.17;5380.82
2017-11-11 17:05:00;5363.6;5380;5351.3;5355;24.74;132648.09;5362.73
2017-11-11 17:10:00;5355;5375.4;5355;5370;30.45;163233.35;5360.78
2017-11-11 17:15:00;5360.4;5384;5360;5362.8;12.32;66161.25;5370.21
2017-11-11 17:20:00;5384;5390;5364.1;5385.5;10.75;57858.34;5382.34
2017-11-11 17:25:00;5387.5;5392;5380;5380;29.31;157896.65;5387.49
2017-11-11 17:30:00;5388.4;5391.8;5372;5385.1;20.01;107716.77;5382.25
2017-11-11 17:35:00;5385.1;5386.2;5352.3;5352.3;19.33;103741.16;5365.67
2017-11-11 17:40:00;5356;5356;5350;5350.2;34.36;183857.84;5351.54
2017-11-11 17:45:00;5350.2;5351.9;5350;5350.1;22.31;119381.24;5350.17
2017-11-11 17:50:00;5350.1;5370;5340;5355;53.33;285302.84;5349.68
2017-11-11 17:55:00;5355;5370;5355;5359;21.23;113820.92;5361.89
2017-11-11 18:00:00;5359;5367.6;5350.1;5350.6;21.24;113794.41;5356.43
2017-11-11 18:05:00;5350.6;5356.6;5310.2;5350;67.73;360981.15;5329.96
2017-11-11 18:10:00;5350;5350.1;5329.5;5329.5;9.57;51147.38;5346.32
2017-11-11 18:15:00;5329.3;5344.5;5323.1;5330.1;19.55;104191.9;5328.69
2017-11-11 18:20:00;5338.2;5346.2;5310;5324.9;57.4;305777.22;5327.58
2017-11-11 18:25:00;5315.2;5325.2;5300;5315;80.27;426132.71;5308.51
2017-11-11 18:30:00;5311;5315;5285;5305;34.82;184611.27;5302.16
2017-11-11 18:35:00;5304.9;5305;5267.9;5267.9;22.47;118939.92;5292.3
2017-11-11 18:40:00;5280;5286.9;5200.6;5204.2;105.69;552315.32;5225.76
2017-11-11 18:45:00;5204.1;5250.1;5202;5239;25.19;131753.02;5229.92
2017-11-11 18:50:00;5221.1;5239;5212;5212.3;26.28;137068.13;5216.24
2017-11-11 18:55:00;5212.3;5250.5;5210.5;5229.5;38.69;202035.41;5221.69
2017-11-11 19:00:00;5229.5;5229.5;5200;5210.1;41.09;214141.52;5211.83
2017-11-11 19:05:00;5210.1;5212.4;5200;5210;29.13;151487.48;5200.74
2017-11-11 19:10:00;5210;5368.6;5200.2;5355.4;80.89;428064.8;5291.7
2017-11-11 19:15:00;5355.4;5355.4;5301.3;5328;30.82;163596.25;5308.58
2017-11-11 19:20:00;5328;5330;5305;5319.5;44.83;238237.64;5314.54
2017-11-11 19:25:00;5320;5357.1;5305;5357.1;69.91;372504.57;5328.04
2017-11-11 19:30:00;5360;5380;5348.3;5348.3;49.34;264607.8;5362.98
2017-11-11 19:35:00;5356.9;5360;5312.6;5330.7;18.46;98513.2;5335.36
2017-11-11 19:40:00;5346.7;5350;5321.4;5350;11.97;63894.87;5338.1
2017-11-11 19:45:00;5346.7;5346.8;5305;5329.8;12.82;68301.62;5328.5
2017-11-11 19:50:00;5319.1;5325.2;5280.2;5303.9;14.93;79229.57;5305.86
2017-11-11 19:55:00;5303.9;5321;5284.8;5321;27.24;144325.89;5298.85
2017-11-11 20:00:00;5321;5350;5304;5308;33.54;178827.82;5331.15
2017-11-11 20:05:00;5308;5324;5300;5304.9;10.86;57621.16;5305.18
2017-11-11 20:10:00;5324;5324;5301;5317.8;11.43;60642.11;5305.3
2017-11-11 20:15:00;5311.4;5315.3;5308;5308;49.32;261775.81;5308.12
2017-11-11 20:20:00;5308;5315.1;5308;5308;13.44;71329.93;5308.14
2017-11-11 20:25:00;5308.5;5309.9;5280;5280;36.74;194757.45;5301.68
2017-11-11 20:30:00;5299.9;5299.9;5280;5294.8;9.32;49289.23;5287.91
2017-11-11 20:35:00;5295;5295;5280.1;5293.7;23.29;123127.17;5286.34
2017-11-11 20:40:00;5289.8;5298;5280;5294.8;16.61;87848.3;5290.11
2017-11-11 20:45:00;5298;5298;5280.1;5298;17.95;95028.03;5292.98
2017-11-11 20:50:00;5298;5327;5295;5327;68.7;364601.32;5307.54
2017-11-11 20:55:00;5325.9;5370;5325.9;5370;30.86;165420.67;5360.75
2017-11-11 21:00:00;5370;5445;5369.5;5396.4;62.64;338521.63;5403.87
2017-11-11 21:05:00;5400;5450;5385;5385;29.37;158959.9;5412.96
2017-11-11 21:10:00;5386.9;5423.6;5370;5400.5;37.92;204264.7;5386.57
2017-11-11 21:15:00;5391.5;5400.5;5353.7;5369.7;26.02;140097.92;5384.5
2017-11-11 21:20:00;5370.1;5391.6;5346.3;5367;14.95;80255.43;5368.26
2017-11-11 21:25:00;5367;5394;5360.3;5389.7;19.09;102762.75;5383.35
2017-11-11 21:30:00;5389.7;5400;5384.8;5389.6;16.88;91038.09;5393.44
2017-11-11 21:35:00;5389.6;5447;5353.1;5447;66.05;356720.54;5400.78
2017-11-11 21:40:00;5398;5466.1;5392.6;5466.1;50.59;274927.78;5434.66
2017-11-11 21:45:00;5466.4;5480;5439.6;5475;33.86;184888.04;5460.39
2017-11-11 21:50:00;5453.9;5493.8;5441;5450;49.33;269190.34;5457.04
2017-11-11 21:55:00;5449.8;5460;5443.6;5452.9;8.2;44694.68;5451.03
2017-11-11 22:00:00;5455;5477.7;5449.2;5474.3;13.91;76056.15;5466.45
2017-11-11 22:05:00;5474.3;5495;5457;5485;22.15;121441.7;5483.14
2017-11-11 22:10:00;5474.4;5480;5410.2;5446.7;42.83;233424.48;5450.51
2017-11-11 22:15:00;5446.7;5446.7;5400.1;5420;18.76;101675.61;5421.11
2017-11-11 22:20:00;5419.9;5469.9;5419;5430;49.99;271701.59;5435.27
2017-11-11 22:25:00;5430;5460;5422;5431;16.97;92209.45;5433.77
2017-11-11 22:30:00;5431.4;5458;5420.4;5420.5;19.64;106531.91;5425.57
2017-11-11 22:35:00;5426.3;5432.9;5380.1;5380.2;41.63;225218.02;5409.61
2017-11-11 22:40:00;5380.2;5399.8;5350.9;5373.2;21.7;116501.3;5367.95
2017-11-11 22:45:00;5373.2;5396;5343;5350;34.03;182072.36;5349.92
2017-11-11 22:50:00;5344;5370;5324;5350.7;28.14;150469.01;5346.3
2017-11-11 22:55:00;5350;5370;5324.2;5325.2;25;133619.11;5345.38
2017-11-11 23:00:00;5326;5364.9;5311;5328.4;14.69;78460.96;5342.11
2017-11-11 23:05:00;5328.4;5339.5;5263.4;5287.8;36.32;192315.49;5295.54
2017-11-11 23:10:00;5299.4;5312.3;5265;5288.2;17.65;93359.03;5289.22
2017-11-11 23:15:00;5294.3;5318.6;5288.3;5300.1;13.44;71163.68;5296.11
2017-11-11 23:20:00;5300.1;5373.3;5300.1;5333.1;16.36;86940.35;5314.35
2017-11-11 23:25:00;5335.5;5350.5;5333;5333;13.64;72764.76;5335.45
2017-11-11 23:30:00;5333;5364.9;5316.7;5336.8;20.59;109736.39;5328.42
2017-11-11 23:35:00;5326.4;5398.1;5319.6;5343.6;15.09;80847.67;5359.04
2017-11-11 23:40:00;5343;5368.1;5333.2;5335.6;15.12;80910.61;5351.91
2017-11-11 23:45:00;5336.1;5360;5320.1;5334.6;5.79;30899.5;5333.16
2017-11-11 23:50:00;5334.6;5367;5327.5;5362.1;9.02;48210.81;5346.51
2017-11-11 23:55:00;5341.2;5365;5341.2;5359.6;19.4;104056.04;5362.74
2017-11-12 00:00:00;5358;5360;5311.1;5311.1;22.46;119483.33;5321
2017-11-12 00:05:00;5311.1;5334;5274.6;5274.6;32.52;172389.92;5300.79
2017-11-12 00:10:00;5303.6;5334.6;5274.7;5304.4;12.25;65091.32;5313.68
2017-11-12 00:15:00;5319.3;5329;5294.7;5309.7;2.99;15911.29;5313.72
2017-11-12 00:20:00;5310;5329;5302;5321.8;18.33;97374.86;5311.9
2017-11-12 00:25:00;5310.8;5329;5302.2;5310.9;9.1;48367.94;5317.61
2017-11-12 00:30:00;5314;5323.4;5303.1;5310;10.66;56609.58;5310.24
2017-11-12 00:35:00;5309.7;5310;5299.5;5299.5;7.47;39636.82;5305.9
2017-11-12 00:40:00;5300;5300;5261;5262.2;15.09;79550.78;5273.14
2017-11-12 00:45:00;5263.6;5299.5;5261;5272.6;20.5;108095.03;5271.79
2017-11-12 00:50:00;5283.9;5299;5260.2;5288.4;21.17;111509.38;5267.95
2017-11-12 00:55:00;5268.6;5297.6;5251.1;5278.5;24.99;131535.07;5264.52
2017-11-12 01:00:00;5279.3;5279.3;5250;5251;9.6;50456.47;5255.35
2017-11-12 01:05:00;5250.1;5260.4;5246.3;5246.3;8.37;43967.34;5252.48
2017-11-12 01:10:00;5246;5256.1;5233;5240.9;36.59;191887.57;5244.38
2017-11-12 01:15:00;5241.1;5295;5233.6;5259.9;12.61;66307.48;5257.43
2017-11-12 01:20:00;5273.4;5295;5260;5269.5;17.16;90611.38;5279.77
2017-11-12 01:25:00;5287.1;5299;5270;5275.6;7.26;38421.9;5289.64
2017-11-12 01:30:00;5275.5;5298.8;5275;5280.3;8.57;45284.86;5284.49
2017-11-12 01:35:00;5280.3;5286.8;5275;5278.7;12.94;68268.47;5277.5
2017-11-12 01:40:00;5280.1;5284.3;5261.1;5261.1;23.46;123698.47;5272.13
2017-11-12 01:45:00;5270;5276.5;5224;5224;75.88;398432.28;5250.68
2017-11-12 01:50:00;5242;5249.8;5221.9;5230.5;31.2;163149.39;5228.36
2017-11-12 01:55:00;5234.4;5234.4;5212;5212;34.09;177970.45;5220.4
2017-11-12 02:00:00;5214;5214;5201;5205;20.13;104849.24;5207.34
2017-11-12 02:05:00;5203;5203;5189.9;5189.9;89.01;462833.38;5199.6
2017-11-12 02:10:00;5186;5190;5169.2;5175.2;38.33;198588.08;5181.6
2017-11-12 02:15:00;5174.1;5175.4;5152;5152;47.02;242645.01;5160.46
2017-11-12 02:20:00;5153.4;5166.9;5151.3;5166.9;44.27;228203.67;5154.95
2017-11-12 02:25:00;5165.3;5200;5161.2;5165.3;37.4;193490.39;5173.94
2017-11-12 02:30:00;5165.3;5165.8;5140;5149.5;38.88;200315.31;5151.84
2017-11-12 02:35:00;5150;5150;5142;5150;33.76;173739.73;5147.06
2017-11-12 02:40:00;5149.6;5273.1;5149.5;5214.7;48.13;250593.72;5206.23
2017-11-12 02:45:00;5193.8;5214.6;5171.2;5180.3;33.22;172296.47;5186.26
2017-11-12 02:50:00;5171.2;5184.7;5142;5149.4;11.98;61818.69;5161.28
2017-11-12 02:55:00;5149.4;5159.7;5140;5148.1;24.76;127452.31;5146.59
2017-11-12 03:00:00;5146.2;5159;5110.1;5120;33.08;169701.74;5129.57
2017-11-12 03:05:00;5120.1;5146.7;5103.2;5109.5;33.43;171014.17;5114.9
2017-11-12 03:10:00;5104.9;5120.7;5102;5107;61.79;315539.12;5106.68
2017-11-12 03:15:00;5105;5140;5103.9;5123.6;17.05;87134.62;5110.28
2017-11-12 03:20:00;5140;5140;5102.6;5106.5;33.81;172804.79;5111.09
2017-11-12 03:25:00;5106.8;5106.8;5075.2;5075.4;50.26;256250.47;5098.97
2017-11-12 03:30:00;5078.6;5088;5075;5075.2;60.84;308772.89;5075.41
2017-11-12 03:35:00;5075;5100;5060;5062.1;33.73;171069.63;5071.55
2017-11-12 03:40:00;5062.2;5064.5;5034.9;5062.2;58.19;293798.68;5049.23
2017-11-12 03:45:00;5062.1;5106.5;5055;5086.6;141.55;718981.77;5079.44
2017-11-12 03:50:00;5089.4;5107.1;5065.2;5065.2;23.95;121991.51;5093.1
2017-11-12 03:55:00;5063.6;5107;5026.7;5032;46.6;235797.2;5059.96
2017-11-12 04:00:00;5029.9;5106.7;5026.8;5106.7;50.81;256090.66;5040.14
2017-11-12 04:05:00;5063.5;5150;5063.5;5106.6;32.6;166576.76;5109.34
2017-11-12 04:10:00;5105;5109.6;5063.6;5079.9;51.72;263536.19;5095.84
2017-11-12 04:15:00;5080;5080;5027.3;5036.9;60.9;307388.21;5047.02
2017-11-12 04:20:00;5034.3;5063.7;5027.4;5040.8;28.27;142274.46;5033.04
2017-11-12 04:25:00;5034.2;5063.7;5030.5;5039.5;37.62;189748.69;5044.31
2017-11-12 04:30:00;5039.5;5063.7;5036.6;5039.8;44;221906.49;5043.63
2017-11-12 04:35:00;5039.8;5063.7;5012;5063.3;81.28;409164.94;5034.19
2017-11-12 04:40:00;5055.2;5100.2;5055.2;5065.1;20.89;106050.23;5075.46
2017-11-12 04:45:00;5073.7;5079.8;5064.5;5065;40.57;205499.62;5065.17
2017-11-12 04:50:00;5065.8;5065.8;5030;5030;13.75;69442.79;5051.98
2017-11-12 04:55:00;5035;5035;5001;5009.8;70.79;354660.08;5010.27
2017-11-12 05:00:00;5001;5006.4;4995;4995;121.72;608565.5;4999.86
2017-11-12 05:05:00;4995;4995;4930;4930.1;148.01;733535.35;4955.87
2017-11-12 05:10:00;4930.1;4968.8;4930;4961;76.09;377073.03;4955.93
2017-11-12 05:15:00;4961;4968.4;4930;4932.7;37.83;186935.43;4941.47
2017-11-12 05:20:00;4930;4932;4911.1;4911.1;85.34;420135.39;4923
2017-11-12 05:25:00;4911;4912.5;4901.1;4906;120.19;589942.01;4908.43
2017-11-12 05:30:00;4905.9;4911;4900.2;4901.2;59.75;293075.27;4905.26
2017-11-12 05:35:00;4901.1;4906;4897;4897;129.5;634576.27;4900.17
2017-11-12 05:40:00;4899.2;4899.2;4830;4850;136.68;664752.52;4863.48
2017-11-12 05:45:00;4848.1;4856.9;4826.5;4826.5;114.39;554362.6;4846.32
2017-11-12 05:50:00;4840;4954.7;4820;4907.6;119.91;586284.78;4889.29
2017-11-12 05:55:00;4954.7;4954.7;4899;4910;39.58;194394.45;4911.89
2017-11-12 06:00:00;4910.2;4954.4;4910;4912.7;33.47;164522.41;4915.95
2017-11-12 06:05:00;4910.2;4912.7;4850.2;4850.2;42.12;206584.59;4904.71
2017-11-12 06:10:00;4850.2;4880.6;4814.2;4814.2;89.08;431144.65;4840.23
2017-11-12 06:15:00;4814.2;4832.9;4800;4820;136.94;659047.13;4812.59
2017-11-12 06:20:00;4820;4828;4800;4819.1;39.31;188985.76;4807.71
2017-11-12 06:25:00;4800;4818.9;4795;4799.5;70.71;339431.71;4800.43
2017-11-12 06:30:00;4799.5;4799.5;4768;4768;63.07;302059;4789.56
2017-11-12 06:35:00;4769.8;4785;4752;4760;155.82;742140.68;4762.79
2017-11-12 06:40:00;4760;4768.4;4750;4750;170.55;810614.41;4752.88
2017-11-12 06:45:00;4750;4761;4723.3;4723.3;174.81;830232.76;4749.27
2017-11-12 06:50:00;4723.2;4723.7;4687.4;4699;154.62;727917.7;4707.76
2017-11-12 06:55:00;4699.6;4700;4679.2;4679.5;101.52;476519.91;4693.68
2017-11-12 07:00:00;4679.2;4743;4661.8;4743;188.8;884896.94;4686.89
2017-11-12 07:05:00;4717.9;4860;4717.9;4829.9;102.33;490867.96;4796.8
2017-11-12 07:10:00;4829.9;4961.2;4829.8;4961.2;65.87;320730.21;4869.03
2017-11-12 07:15:00;4897.5;4961.2;4840;4900;91.54;447292.2;4886.42
2017-11-12 07:20:00;4900;4950;4890;4940;146.34;717488.03;4902.83
2017-11-12 07:25:00;4940;5049;4920;5049;87.82;437801.69;4985.37
2017-11-12 07:30:00;5049;5049;4770;4890;155.94;772353.69;4953.01
2017-11-12 07:35:00;4800.1;4890;4660;4700.2;164.73;777296.35;4718.61
2017-11-12 07:40:00;4669;4700.2;4655;4670;183.93;861127.44;4681.86
2017-11-12 07:45:00;4670;4850;4650;4689.3;184.83;868291.67;4697.77
2017-11-12 07:50:00;4700.3;4920.1;4689.3;4820;172.38;831268.37;4822.29
2017-11-12 07:55:00;4820;4910;4815.1;4900;63.11;308434.33;4887.63
2017-11-12 08:00:00;4899.5;4989.7;4844.1;4844.1;114.38;561571.88;4909.63
2017-11-12 08:05:00;4840;4978.8;4840;4978.8;57.95;283502.69;4892.33
2017-11-12 08:10:00;4978.8;4988.7;4935;4973.7;94.72;471980.28;4983.07
2017-11-12 08:15:00;4973.7;4999;4935.3;4998.8;112.68;562082.34;4988.27
2017-11-12 08:20:00;4999;5107;4998.8;5107;169.62;858649.98;5062.12
2017-11-12 08:25:00;5115;5200;5100;5179.2;111.95;577623.48;5159.55
2017-11-12 08:30:00;5179.2;5196.8;5140;5196.8;140.96;729305.94;5173.99
2017-11-12 08:35:00;5196.8;5200;5100;5117;139.14;717888.46;5159.56
2017-11-12 08:40:00;5117.5;5148.2;5095;5115.3;73.31;374805.18;5112.61
2017-11-12 08:45:00;5124.5;5132;5005.3;5005.3;84.42;428666.38;5077.83
2017-11-12 08:50:00;5050;5091;5005.3;5059.5;79.82;402191.11;5038.63
2017-11-12 08:55:00;5059.5;5080;5040.1;5049.5;105.59;533341.73;5050.86
2017-11-12 09:00:00;5044.5;5093.2;5040.1;5060;77.3;391143.05;5060.17
2017-11-12 09:05:00;5060;5075;5002.2;5055;79.82;402617.15;5043.99
2017-11-12 09:10:00;5066.1;5089.8;5006.4;5030;45.76;230598.56;5039.12
2017-11-12 09:15:00;5028.5;5050;4950.7;4996;117.45;588606.35;5011.68
2017-11-12 09:20:00;4996;4996;4950;4965.2;66.78;331952.18;4971.15
2017-11-12 09:25:00;4970;5028.4;4910.1;5000.1;130.57;647242.33;4957.24
2017-11-12 09:30:00;5000.1;5046.9;4970;4990.1;44.6;222776.03;4995.22
2017-11-12 09:35:00;5000;5034;4976.6;5034;37.53;187559.97;4997.27
2017-11-12 09:40:00;5020;5060;5010;5050.1;113.24;570621.19;5038.97
2017-11-12 09:45:00;5050.1;5139.8;5040.1;5089.9;70.22;357699.33;5093.85
2017-11-12 09:50:00;5091.3;5137.5;5079.9;5135;25.39;129970.37;5118.22
2017-11-12 09:55:00;5137.3;5144.1;5135;5137.5;44.9;230734.16;5138.64
2017-11-12 10:00:00;5141;5141;5082.2;5114.3;80.58;413544.56;5131.86
2017-11-12 10:05:00;5119.9;5129.9;5083;5100.1;70.81;362151.5;5114.11
2017-11-12 10:10:00;5100.1;5165.5;5090;5165.5;71.59;366737.85;5123.06
2017-11-12 10:15:00;5150.2;5165;5125;5151.9;52.02;267507.81;5142.81
2017-11-12 10:20:00;5152;5192.9;5140.1;5190;63.9;330054.8;5165.12
2017-11-12 10:25:00;5185;5192.6;5177.9;5192.6;47.64;246871.51;5181.88
2017-11-12 10:30:00;5186.4;5200;5185.3;5199.7;94.48;491090.09;5197.77
2017-11-12 10:35:00;5199;5229.8;5199;5229.7;62.96;328694.73;5220.77
2017-11-12 10:40:00;5227.7;5229.6;5210;5225;43.1;225227.66;5225.49
2017-11-12 10:45:00;5227.7;5227.7;5227.7;5227.7;38.56;201574.52;5227.7
2017-11-12 10:50:00;5229.6;5335;5229.6;5311;104.72;553546.87;5286.02
2017-11-12 10:55:00;5316;5368.1;5300;5360;84.68;452885.82;5347.96
2017-11-12 11:00:00;5360;5380;5335;5360;56.41;302124.34;5355.71
2017-11-12 11:05:00;5352.9;5384.7;5351.3;5384.6;69.75;374295.44;5366.17
2017-11-12 11:10:00;5384.6;5430;5358;5430;88.77;477798.07;5382.35
2017-11-12 11:15:00;5431.9;5514;5400;5514;145.69;795787.53;5462.19
2017-11-12 11:20:00;5460.1;5532.1;5460;5495;250.82;1380482.86;5503.97
2017-11-12 11:25:00;5500;5500;5460;5471.7;127.93;701504.37;5483.64
2017-11-12 11:30:00;5474.4;5478.5;5402.9;5461;65.88;359351.92;5454.84
2017-11-12 11:35:00;5468.9;5472;5403;5412.2;33.6;182255.1;5423.65
2017-11-12 11:40:00;5430.1;5430.1;5397.7;5397.7;216.96;1173183.4;5407.29
2017-11-12 11:45:00;5397.7;5400;5355.2;5365;140.98;756973.27;5369.47
2017-11-12 11:50:00;5365;5397.7;5359.6;5397.7;57.11;306803.09;5371.72
2017-11-12 11:55:00;5378.2;5400;5375.1;5394.5;37.71;203415.59;5394.57
2017-11-12 12:00:00;5391.5;5406;5376.2;5385.1;48.08;259103.27;5389.45
2017-11-12 12:05:00;5403.2;5405;5312.4;5312.4;67.48;361638.98;5359.1
2017-11-12 12:10:00;5312.7;5398.7;5312.4;5335;42.49;226655.25;5333.88
2017-11-12 12:15:00;5350;5398.4;5313;5313.3;33.11;176863.68;5341.36
2017-11-12 12:20:00;5313.3;5389.7;5313;5344.8;68.71;365739.39;5322.74
2017-11-12 12:25:00;5330;5389.5;5330;5380;38.32;205913.49;5374.2
2017-11-12 12:30:00;5380;5387.1;5349;5386.7;24.55;131848.47;5371.29
2017-11-12 12:35:00;5375;5384.6;5315;5330.4;18.95;101146.91;5337.55
2017-11-12 12:40:00;5330.4;5330.4;5278;5278;93.42;496037.23;5309.75
2017-11-12 12:45:00;5278;5287.1;5241.2;5265;57.71;304176.93;5270.83
2017-11-12 12:50:00;5264.1;5299;5251.3;5280.5;14.24;75152.36;5276.98
2017-11-12 12:55:00;5280.5;5300;5252;5252;13.84;72989.25;5274.96
2017-11-12 13:00:00;5259;5270;5235;5250.6;42.56;223400.85;5248.94
2017-11-12 13:05:00;5255.9;5298;5215;5215;50.17;262877.4;5239.83
2017-11-12 13:10:00;5215;5215;5140;5178.8;75.24;390552.01;5191.03
2017-11-12 13:15:00;5175.2;5175.2;5110;5120;79.47;407736.98;5130.45
2017-11-12 13:20:00;5145;5150.1;5070.2;5085;95.54;487739.66;5104.82
2017-11-12 13:25:00;5085;5139.8;5067.8;5139.8;123.58;630097.45;5098.5
2017-11-12 13:30:00;5120;5200;5100.1;5200;90.37;465174.01;5147.43
2017-11-12 13:35:00;5187;5228.6;5187;5200;46.08;240216.6;5213.15
2017-11-12 13:40:00;5200;5222.2;5175.1;5175.1;19.96;103609.8;5190.67
2017-11-12 13:45:00;5169;5184;5114.2;5178.9;33.91;175000.75;5160.24
2017-11-12 13:50:00;5178.9;5222.3;5169.9;5222.3;60.19;312634.1;5194.3
2017-11-12 13:55:00;5222.3;5250.6;5201;5226.2;62.84;327879.33;5217.91
2017-11-12 14:00:00;5216;5295.8;5202.4;5233.3;54.45;284997.49;5234.13
2017-11-12 14:05:00;5233.3;5295;5233.3;5240.2;72.07;378982.09;5258.23
2017-11-12 14:10:00;5243.9;5276.5;5233.7;5234.2;42.19;221428.61;5248.74
2017-11-12 14:15:00;5234;5274.5;5222.4;5259.4;31.86;167245.05;5248.9
2017-11-12 14:20:00;5249;5278.2;5246.1;5254.6;10.54;55469.11;5262.49
2017-11-12 14:25:00;5255;5269.4;5211.9;5230;66.2;346482.84;5233.58
2017-11-12 14:30:00;5231.7;5268.9;5211.1;5220.1;20.51;107092.65;5220.25
2017-11-12 14:35:00;5225;5269.9;5220.2;5233.8;34.05;178431.42;5240.52
2017-11-12 14:40:00;5231.7;5268.9;5230.3;5234.3;6.42;33672.74;5243.39
2017-11-12 14:45:00;5234.3;5250;5232.4;5232.4;7.91;41441.45;5238.12
2017-11-12 14:50:00;5231;5232.9;5200;5200;52.24;272397.64;5214.68
2017-11-12 14:55:00;5200;5210;5155.3;5160;28.67;148659.79;5184.83
2017-11-12 15:00:00;5155.4;5200;5155.4;5200;45.43;235409.53;5182.28
2017-11-12 15:05:00;5200.5;5220;5170.1;5210;58.99;306217.2;5190.94
2017-11-12 15:10:00;5210;5247;5200;5230.4;25.15;131321.09;5221.02
2017-11-12 15:15:00;5220;5277;5220;5265;39.66;208651.76;5261.56
2017-11-12 15:20:00;5267.3;5288.8;5248;5270;78.86;415995.83;5275.06
2017-11-12 15:25:00;5260;5260;5220.1;5246.8;48.05;251941.64;5242.85
2017-11-12 15:30:00;5246.3;5276.3;5220.2;5276.3;60.17;315939.34;5250.56
2017-11-12 15:35:00;5276.3;5286.9;5266.2;5286.8;53.45;282138.58;5278.63
2017-11-12 15:40:00;5286.9;5349.6;5286.9;5321.2;78.1;416033.83;5326.79
2017-11-12 15:45:00;5326.1;5355.1;5317.9;5344.2;56.91;303779.08;5337.64
2017-11-12 15:50:00;5352.5;5352.5;5304.1;5320.3;27.7;147382.05;5319.79
2017-11-12 15:55:00;5340;5340;5303.9;5310.1;17.19;91362.27;5313.97
2017-11-12 16:00:00;5303.9;5310.1;5260;5273.3;23.5;124366.99;5292.25
2017-11-12 16:05:00;5285;5304.9;5273.3;5290;46.08;243945.89;5293.98
2017-11-12 16:10:00;5282;5298.8;5274;5274;51.38;271904.77;5292.4
2017-11-12 16:15:00;5274;5277;5271;5273.5;7.95;41920.27;5273.82
2017-11-12 16:20:00;5273.9;5273.9;5251;5270.5;23.19;122081.06;5264.86
2017-11-12 16:25:00;5270.5;5270.5;5241;5249.8;97.08;509071.63;5243.98
2017-11-12 16:30:00;5249.8;5250;5241;5241.5;36.17;189724.1;5245.3
2017-11-12 16:35:00;5241.1;5248.9;5226.1;5241.1;34.99;183380.71;5240.7
2017-11-12 16:40:00;5226;5248.9;5226;5241.3;13.8;72370.77;5243.84
2017-11-12 16:45:00;5241.8;5241.8;5227.1;5239.3;10.43;54593.46;5235.78
2017-11-12 16:50:00;5239.3;5239.3;5216.1;5216.1;15.43;80653.02;5227.66
2017-11-12 16:55:00;5213.7;5226.5;5170;5200;38.1;198423.29;5207.96
2017-11-12 17:00:00;5200;5200;5174.7;5187.2;15.95;82822.89;5194.16
2017-11-12 17:05:00;5187.2;5198.9;5175.2;5198.4;9.03;46929.53;5195.44
2017-11-12 17:10:00;5198.4;5198.9;5182.1;5190.9;17.4;90359.89;5191.8
2017-11-12 17:15:00;5190.9;5195;5185;5189.8;10.22;53032.36;5189.67
2017-11-12 17:20:00;5189.8;5189.9;5187;5189.4;8.2;42520.77;5188.28
2017-11-12 17:25:00;5189.4;5189.9;5189.4;5189.4;36.05;187072.14;5189.67
2017-11-12 17:30:00;5189.4;5189.9;5189.4;5189.9;28.42;147508.16;5189.68
2017-11-12 17:35:00;5189.9;5200;5189.6;5191.1;35.01;181774.51;5192.57
2017-11-12 17:40:00;5191;5200;5190;5200;16.93;87943.92;5195.93
2017-11-12 17:45:00;5200;5200;5195;5195;22.98;119477.49;5199.51
2017-11-12 17:50:00;5195;5199.6;5160;5160;57.2;295733.54;5170.38
2017-11-12 17:55:00;5161.1;5182;5149.2;5156.1;15.29;78824.13;5154.52
2017-11-12 18:00:00;5150.1;5156.1;5123.2;5149;13.45;69111.92;5137.64
2017-11-12 18:05:00;5149;5160.5;5131;5150.1;21.67;111368.01;5140.08
2017-11-12 18:10:00;5148.8;5150.1;5131.2;5148.2;26.03;133701.82;5136.14
2017-11-12 18:15:00;5148.2;5150.1;5131.8;5150.1;50.02;257522.27;5148.84
2017-11-12 18:20:00;5150.8;5184.8;5138.3;5170;108.51;559930.67;5160.02
2017-11-12 18:25:00;5179.8;5180;5156;5174.2;28.16;145634.22;5171.87
2017-11-12 18:30:00;5162.1;5180;5150;5151;16.6;85753.14;5166.1
2017-11-12 18:35:00;5150.7;5161;5124.7;5149.4;19.47;100143.35;5144.01
2017-11-12 18:40:00;5149.9;5160;5125.6;5160;19.09;98309.45;5149.33
2017-11-12 18:45:00;5151.6;5160;5130.6;5153.6;27.77;142948.55;5147.92
2017-11-12 18:50:00;5159;5160;5150;5150.5;8.84;45609.04;5157.59
2017-11-12 18:55:00;5143.5;5196.9;5143.5;5192.5;71.43;370193.7;5182.74
2017-11-12 19:00:00;5196.9;5247.9;5192.2;5219.9;74.58;388309.96;5206.36
2017-11-12 19:05:00;5219.9;5219.9;5196.4;5218.5;41.19;214656.4;5211.43
2017-11-12 19:10:00;5218.5;5239.4;5210;5210;37.85;197655.58;5222.52
2017-11-12 19:15:00;5215;5215;5183.8;5183.8;39.8;206960.36;5200.27
2017-11-12 19:20:00;5180.9;5204.9;5176.2;5176.2;34.9;181013.16;5186.35
2017-11-12 19:25:00;5198;5198.3;5175;5178.2;21.6;111954.59;5182.24
2017-11-12 19:30:00;5176;5178.9;5162;5162;18.7;96695.62;5171.86
2017-11-12 19:35:00;5162;5163;5065.8;5121.9;93.95;479874.29;5107.8
2017-11-12 19:40:00;5112.7;5112.7;5061;5073;52.03;264165.34;5077.65
2017-11-12 19:45:00;5073;5090;5066.3;5090;19.37;98502.34;5084.14
2017-11-12 19:50:00;5090;5100;5085;5099;33.35;170012.68;5098.25
2017-11-12 19:55:00;5099;5144.5;5095.1;5139.2;42.77;218227.34;5102.54
2017-11-12 20:00:00;5125.1;5138.7;5115.5;5124.5;30.77;157615.86;5121.92
2017-11-12 20:05:00;5124.5;5144;5124.5;5144;24.56;126023.92;5130.28
2017-11-12 20:10:00;5130.7;5174.9;5125.1;5126;39.42;202968.06;5148.47
2017-11-12 20:15:00;5126;5144.5;5078.2;5120;54.43;277342.26;5095.68
2017-11-12 20:20:00;5119.5;5120;5078.3;5118.8;35.98;183102.05;5088.91
2017-11-12 20:25:00;5093;5134.7;5078.7;5120;28.91;147724.95;5109.22
2017-11-12 20:30:00;5120;5137.5;5082.1;5100;26.03;133028.79;5110.09
2017-11-12 20:35:00;5093.9;5128.2;5082.3;5100.6;19.87;101342.64;5100.1
2017-11-12 20:40:00;5119.6;5128.2;5100;5122.5;12.36;63199.13;5111.93
2017-11-12 20:45:00;5120.4;5126.9;5102;5126.9;8.31;42547.62;5117.76
2017-11-12 20:50:00;5126.9;5126.9;5055.7;5089.5;72.51;368319.91;5079.44
2017-11-12 20:55:00;5088;5090;5044.1;5050;48.19;243655.68;5055.87
2017-11-12 21:00:00;5050;5050;5015.8;5019.8;59.19;298130.08;5036.94
2017-11-12 21:05:00;5020;5020;4969;4969;162.12;811230.46;5003.76
2017-11-12 21:10:00;4966.7;4980;4917.3;4917.3;123.73;611008.01;4938.12
2017-11-12 21:15:00;4920;4975;4919;4939.4;121.8;600094.72;4926.97
2017-11-12 21:20:00;4950.1;4950.1;4916;4916;96.56;475890.38;4928.47
2017-11-12 21:25:00;4915.8;4949.3;4910;4910.3;84.04;413202.78;4916.69
2017-11-12 21:30:00;4910;4910.3;4901.1;4901.1;35.19;172631.12;4905.89
2017-11-12 21:35:00;4901.1;4901.1;4901.1;4901.1;1.57;7712.66;4901.1
2017-11-12 21:40:00;4901.1;4901.1;4901.1;4901.1;22.76;111557.16;4901.1
2017-11-12 21:45:00;4901.1;4972.1;4901.1;4925.6;146.44;719774.34;4915.03
2017-11-12 21:50:00;4925.6;4989;4910.1;4925;55.62;274727.88;4939.81
2017-11-12 21:55:00;4925;4976;4901.2;4970;87.31;429205.65;4915.78
2017-11-12 22:00:00;4970;4975.9;4910;4910;53.05;261112.79;4921.55
2017-11-12 22:05:00;4910;4910;4885;4885;137.68;674602.13;4899.63
2017-11-12 22:10:00;4896.1;4896.1;4850;4850;115.7;562001.92;4857.44
2017-11-12 22:15:00;4851.6;4869.5;4844.1;4850.2;77.65;376986.08;4854.84
2017-11-12 22:20:00;4868.5;4880;4844.2;4850;52.25;253616.81;4854.16
2017-11-12 22:25:00;4850.1;4850.1;4835;4835;37.72;182848.89;4846.97
2017-11-12 22:30:00;4835;4850;4803.6;4814.2;122.35;590236.18;4823.97
2017-11-12 22:35:00;4814.2;4835;4805.1;4820.2;33.52;161598.29;4820.56
2017-11-12 22:40:00;4820.2;4849.9;4800;4800;101.3;487678.38;4814.21
2017-11-12 22:45:00;4800.7;4803.9;4783;4800.1;147.57;708322.82;4799.92
2017-11-12 22:50:00;4800;4800.1;4779.1;4780.5;74.83;358595.64;4792.09
2017-11-12 22:55:00;4780.5;4798.8;4766.6;4790;118.33;566259.37;4785.35
2017-11-12 23:00:00;5347.8;5347.8;4769;4769;89.66;428323.6;4777.15
2017-11-12 23:05:00;4786;4810.9;4770;4810.9;68.55;328210.64;4787.86
2017-11-12 23:10:00;4810;4840.2;4809;4820;53.4;257285.89;4817.74
2017-11-12 23:15:00;4827.6;4879.7;4811.1;4828.2;136.42;659557.73;4834.93
2017-11-12 23:20:00;4811.1;4828.2;4770;4771.1;68.18;326497.84;4788.61
2017-11-12 23:25:00;4772.2;4780;4750;4761.4;153.92;733409.72;4764.85
2017-11-12 23:30:00;4766;4849.8;4761;4849.8;118.96;570280.35;4793.86
2017-11-12 23:35:00;4834;4904.4;4821.5;4904.4;97.59;474662.99;4863.88
2017-11-12 23:40:00;4890;4977.9;4879.4;4957.8;137.66;679823.28;4938.44
2017-11-12 23:45:00;4954.7;5044.7;4954.7;4968;154.17;771983.92;5007.5
2017-11-12 23:50:00;4990;5040;4965.6;4985.7;27.86;139634.5;5012.62
2017-11-12 23:55:00;4985.6;5005;4953.5;5000;31.39;156916.24;4998.58
2017-11-13 00:00:00;5000;5034.9;4990;5004;38.21;191486.73;5012.06
2017-11-13 00:05:00;5034.9;5098.5;5000.1;5036.7;69.81;351823.5;5039.58
2017-11-13 00:10:00;5045;5098.4;5045;5086.5;73.82;375111.35;5081.57
2017-11-13 00:15:00;5061;5100;5057.3;5075.2;52.18;264695.04;5072.74
2017-11-13 00:20:00;5076;5094.8;5050.8;5064.3;63.35;320802.77;5064.12
2017-11-13 00:25:00;5051.6;5078.8;5050.7;5050.8;53.18;268716.43;5053.17
2017-11-13 00:30:00;5050.7;5088.3;5050.7;5057.5;35.31;178464.35;5054.66
2017-11-13 00:35:00;5057.5;5090.2;5057.5;5090;18.47;93796.25;5078.63
2017-11-13 00:40:00;5090;5094.8;5075;5081.7;19.44;98869.36;5086.85
2017-11-13 00:45:00;5081.9;5097.9;5081.6;5092.6;12.01;61190.65;5093.52
2017-11-13 00:50:00;5092.6;5158;5092.6;5158;65.01;332596.59;5116.39
2017-11-13 00:55:00;5141;5198.9;5120;5166.6;39.5;204233.38;5169.88
2017-11-13 01:00:00;5166.6;5166.6;5120;5120.9;43.04;220887.67;5132.2
2017-11-13 01:05:00;5120;5120;5060.6;5071.6;32.83;166920.06;5084.33
2017-11-13 01:10:00;5068.5;5111;5064.1;5080;18.4;93435.08;5079.05
2017-11-13 01:15:00;5080;5080;5039.6;5052.4;103.63;525264.06;5068.69
2017-11-13 01:20:00;5069.8;5069.8;5025;5036.3;41.42;208454.2;5033.05
2017-11-13 01:25:00;5035.2;5036.3;5000;5017.6;9.52;47788.65;5021.15
2017-11-13 01:30:00;5020.7;5046.8;5001;5002.5;10.27;51524.34;5016.28
2017-11-13 01:35:00;5007;5045.9;5001.1;5045.9;11.44;57513.5;5027.44
2017-11-13 01:40:00;5045.9;5045.9;5009.9;5009.9;10.21;51357.13;5028.02
2017-11-13 01:45:00;5014.7;5014.7;4923.5;4979;56.17;278331.67;4955.53
2017-11-13 01:50:00;4954.9;4985;4936;4949.5;32.44;160595.95;4949.97
2017-11-13 01:55:00;4950;4988.9;4947;4950;10.72;53179.89;4960.82
2017-11-13 02:00:00;4969.4;5014.7;4950.1;5000.2;36.95;184741.73;4999.72
2017-11-13 02:05:00;5000.2;5025;4994;4994;5.23;26161.31;5004.65
2017-11-13 02:10:00;5000;5029.8;4972.8;4974.8;25.66;128279.79;4999.35
2017-11-13 02:15:00;4986.7;4992.1;4958.8;4987;10.79;53761.78;4981.84
2017-11-13 02:20:00;4987;5025;4973.3;5001;22.78;113887.45;4999.14
2017-11-13 02:25:00;5014.9;5040;5001;5030;7.15;35861.79;5015.06
2017-11-13 02:30:00;5030.4;5040;5025;5036.8;3.95;19907.55;5035.48
2017-11-13 02:35:00;5040;5040;5032.3;5035;3.42;17202.3;5034.03
2017-11-13 02:40:00;5035;5050;5032.5;5036.1;12.17;61307.73;5039.14
2017-11-13 02:45:00;5038.5;5068.9;5038.5;5068.3;22.3;112924.79;5064.39
2017-11-13 02:50:00;5068.9;5075;5054.6;5056.2;8.51;43106.89;5063.28
2017-11-13 02:55:00;5060.8;5065;5026;5035.5;32.58;164397.01;5046.36
2017-11-13 03:00:00;5049.7;5073.4;5024.6;5073.4;21.61;109405.73;5062.85
2017-11-13 03:05:00;5075;5079.5;5063;5065;6.18;31354.66;5074.77
2017-11-13 03:10:00;5065;5139;5065;5110.2;27.93;142423.28;5099.88
2017-11-13 03:15:00;5107.4;5179.8;5107.4;5138.4;43.52;224712.21;5163.89
2017-11-13 03:20:00;5138.6;5149.6;5089.6;5104.9;12.72;64964.45;5107.35
2017-11-13 03:25:00;5108.2;5124.3;5078.7;5078.7;17.56;89518.56;5097.04
2017-11-13 03:30:00;5094.1;5138;5091.2;5091.3;7.9;40309.03;5103.7
2017-11-13 03:35:00;5085.1;5085.1;5020.3;5036.6;43.9;221878.39;5054.16
2017-11-13 03:40:00;5035.3;5063.4;5020.5;5034;21.02;105777.18;5031.22
2017-11-13 03:45:00;5034;5077;5034;5069.2;3.87;19598.49;5064.72
2017-11-13 03:50:00;5065.5;5073.6;5065;5066.8;0.55;2779.79;5066.47
2017-11-13 03:55:00;5066.7;5085;5066;5085;2.33;11807.27;5072.27
2017-11-13 04:00:00;5100.4;5100.4;5066.5;5066.5;6.06;30826.48;5084.31
2017-11-13 04:05:00;5078.7;5088;5067;5079.9;7.09;36005.58;5078.36
2017-11-13 04:10:00;5081.6;5101;5081.6;5101;4.08;20796.7;5094.42
2017-11-13 04:15:00;5098;5099.9;5079.5;5099.2;3.1;15803.81;5093.01
2017-11-13 04:20:00;5099.3;5127.5;5085.2;5127.5;8.31;42468.57;5110
2017-11-13 04:25:00;5101.2;5127.1;5101;5126.1;13.68;70089.8;5123.89
2017-11-13 04:30:00;5126.1;5179.9;5111.7;5176.4;31.19;160506.48;5146.68
2017-11-13 04:35:00;5158.6;5175;5097.4;5113;17.31;88801.8;5130.92
2017-11-13 04:40:00;5113;5113;5090.7;5102.4;1.42;7257.41;5101.94
2017-11-13 04:45:00;5110.8;5112;5100.1;5100.1;11.18;57172.15;5111.67
2017-11-13 04:50:00;5106.7;5168.6;5105;5147.8;5.49;28178.1;5133.59
2017-11-13 04:55:00;5155.5;5190.5;5139.5;5179.4;22.01;113914.78;5174.57
2017-11-13 05:00:00;5189.7;5195.9;5143.2;5143.2;46.34;240175.83;5182.94
2017-11-13 05:05:00;5143.7;5186.8;5136.3;5164.4;44.64;229811.32;5148.17
2017-11-13 05:10:00;5159.1;5224.2;5159.1;5224.2;55.83;290479.58;5203.3
2017-11-13 05:15:00;5224.2;5250;5213.9;5250;30.14;157866.82;5237.27
2017-11-13 05:20:00;5250;5286.2;5230;5286.2;29.45;154800.35;5256.16
2017-11-13 05:25:00;5286.2;5319.9;5279.9;5319.9;95;503550.12;5300.39
2017-11-13 05:30:00;5320;5343.9;5297.4;5340;77.6;412926.53;5320.98
2017-11-13 05:35:00;5343.9;5373;5305.8;5305.8;70.85;379201.47;5352.4
2017-11-13 05:40:00;5314.8;5333.5;5271.5;5271.5;25.07;133139.63;5310.18
2017-11-13 05:45:00;5271.5;5319.4;5271.5;5302.3;26.86;142187.9;5293.6
2017-11-13 05:50:00;5302.1;5302.5;5286;5291.4;12.26;64923.01;5294.25
2017-11-13 05:55:00;5280;5332.3;5280;5332.3;16.65;88364.82;5306.85
2017-11-13 06:00:00;5319.8;5371.4;5317.8;5347;39.25;210006.29;5350.75
2017-11-13 06:05:00;5333.2;5380;5322.9;5359.6;5.14;27553.79;5362.51
2017-11-13 06:10:00;5359.6;5395.8;5359.6;5378.6;15.14;81508.43;5384.45
2017-11-13 06:15:00;5376.3;5395;5330;5330;26.5;141895.05;5354.14
2017-11-13 06:20:00;5338;5338;5288.8;5324.9;12.91;68641.05;5316.96
2017-11-13 06:25:00;5324.9;5345.7;5301;5319.1;4.64;24673.42;5319.58
2017-11-13 06:30:00;5322.2;5345;5322.2;5327.7;6.68;35609.26;5329.69
2017-11-13 06:35:00;5327.7;5375;5327.7;5375;15.26;81486.41;5341.5
2017-11-13 06:40:00;5361.2;5375;5335.3;5370;34.12;182302.06;5343.52
2017-11-13 06:45:00;5370;5375;5336.5;5336.9;11.16;59806.02;5360.61
2017-11-13 06:50:00;5336.9;5336.9;5300;5335.5;8.84;47145.18;5331.79
2017-11-13 06:55:00;5336;5395.6;5335.7;5363.3;23.64;127087.33;5377.04
2017-11-13 07:00:00;5370;5385.6;5365;5366.1;14.62;78517.83;5370.18
2017-11-13 07:05:00;5365.8;5366;5330.4;5330.4;10.79;57718.2;5350.81
2017-11-13 07:10:00;5330.4;5335;5315;5335;16.76;89181.93;5322.64
2017-11-13 07:15:00;5335;5337.3;5305.8;5337.3;22.3;118537.04;5315.8
2017-11-13 07:20:00;5337.2;5337.3;5268.5;5302.6;19.99;106026.09;5305.28
2017-11-13 07:25:00;5302.6;5302.6;5243.1;5285.3;23.85;125561.54;5264.14
2017-11-13 07:30:00;5282.6;5285.3;5269.4;5282.3;10.12;53383.41;5276.9
2017-11-13 07:35:00;5282.2;5285.3;5275.1;5285.3;4.66;24623.98;5284.18
2017-11-13 07:40:00;5285.3;5300;5285.3;5300;2.43;12855.36;5293.62
2017-11-13 07:45:00;5300;5337.3;5300;5302;7.96;42285.85;5314.08
2017-11-13 07:50:00;5304.2;5316.1;5298;5305;6.94;36836;5307.11
2017-11-13 07:55:00;5304.9;5337.3;5304.9;5333;15.54;82628.97;5316.37
2017-11-13 08:00:00;5326.6;5352.7;5323.7;5324;16.25;86677.12;5334.12
2017-11-13 08:05:00;5323.6;5327.3;5299.1;5327.3;30.11;160170.46;5319.86
2017-11-13 08:10:00;5323;5340;5323;5340;11.55;61520.36;5327.77
2017-11-13 08:15:00;5329.6;5350;5329.6;5346.9;5.44;29060.64;5343.82
2017-11-13 08:20:00;5346.9;5349.9;5320;5335.9;27.13;144495.31;5325.6
2017-11-13 08:25:00;5337;5357.6;5337;5357.1;7.54;40292.08;5344.84
2017-11-13 08:30:00;5348.9;5391.5;5348.9;5375.4;9.61;51533.44;5364.3
2017-11-13 08:35:00;5375.4;5399;5375.4;5392.7;48.86;263562.61;5393.92
2017-11-13 08:40:00;5392.7;5400;5365;5380.1;60.68;326780.76;5384.92
2017-11-13 08:45:00;5380.1;5400;5358.1;5385.3;12.27;66041.36;5384.4
2017-11-13 08:50:00;5375.5;5379.3;5370;5370;8.97;48232.29;5375.81
2017-11-13 08:55:00;5372.2;5399;5353.1;5355;20.87;111997.22;5367.37
2017-11-13 09:00:00;5355;5398.7;5331.5;5368.9;21.16;113452.54;5362.17
2017-11-13 09:05:00;5360.7;5400;5360.4;5382;43.35;233313.84;5382.14
2017-11-13 09:10:00;5382;5440;5382;5440;138.44;749033.2;5410.7
2017-11-13 09:15:00;5433.4;5443.9;5400;5420.5;39.87;216055.84;5418.48
2017-11-13 09:20:00;5420;5444;5400;5440;51.09;277461.32;5430.93
2017-11-13 09:25:00;5414.1;5450;5414.1;5444.9;40.81;222145.41;5443.25
2017-11-13 09:30:00;5444.6;5450;5444.6;5450;58.83;320580.87;5449.01
2017-11-13 09:35:00;5450;5460;5447;5460;51.18;279006.55;5451.43
2017-11-13 09:40:00;5455.3;5492.5;5453.1;5492;82.24;450752.27;5481.1
2017-11-13 09:45:00;5485.1;5530.9;5485.1;5530.9;75.1;413119.31;5500.93
2017-11-13 09:50:00;5518.4;5550;5515;5532;65.05;359955.46;5533.6
2017-11-13 09:55:00;5531;5540;5531;5540;68.16;377439.29;5537.52
2017-11-13 10:00:00;5540;5614;5540;5614;89.75;499758.34;5568.25
2017-11-13 10:05:00;5600;5689.1;5580;5649;75.77;427008.99;5635.43
2017-11-13 10:10:00;5649;5689.1;5601;5680.5;80.43;455423.39;5662.48
2017-11-13 10:15:00;5680;5680;5630.2;5672;67.08;379858.1;5662.46
2017-11-13 10:20:00;5672;5697;5670.1;5680.7;52.11;296032.11;5681.23
2017-11-13 10:25:00;5683.3;5699.9;5600;5600;144.5;817927.49;5660.26
2017-11-13 10:30:00;5600;5626;5561;5601;110.29;618480.52;5607.57
2017-11-13 10:35:00;5610;5610;5541.1;5541.1;76.36;424822.27;5563.1
2017-11-13 10:40:00;5545;5620;5541.1;5600;56.56;315870.55;5584.89
2017-11-13 10:45:00;5599.2;5650;5572;5650;53.97;304044.41;5633.08
2017-11-13 10:50:00;5650;5739.9;5650;5728.9;161.68;916757.18;5670.06
2017-11-13 10:55:00;5728.9;5728.9;5612.1;5651.5;154.11;871395.43;5654.35
2017-11-13 11:00:00;5657.5;5660;5624.4;5645;59.54;336291.82;5647.98
2017-11-13 11:05:00;5649.9;5650;5624.6;5649;113.92;642332.61;5638.55
2017-11-13 11:10:00;5645;5649;5625.1;5649;107.73;607559.27;5639.42
2017-11-13 11:15:00;5649;5700;5649;5693.6;101.03;571651.97;5658.15
2017-11-13 11:20:00;5700;5718.8;5670;5671.1;101.11;575268.24;5689.7
2017-11-13 11:25:00;5671.1;5690;5663.2;5663.2;119.4;677111.73;5671.12
2017-11-13 11:30:00;5660;5669;5649.4;5656.3;163.35;924499.06;5659.66
2017-11-13 11:35:00;5656.3;5656.6;5649;5649;82.55;466450.64;5650.64
2017-11-13 11:40:00;5649;5650;5624.4;5649.9;111.02;627069.88;5648.18
2017-11-13 11:45:00;5649.9;5669;5615.1;5650;80.98;457384.15;5648.43
2017-11-13 11:50:00;5669;5669;5640;5648;114.24;645451.51;5650.17
2017-11-13 11:55:00;5647.5;5667;5627.8;5650;66.62;376316.34;5648.72
2017-11-13 12:00:00;5648.1;5648.8;5600;5600;115.64;648205.44;5605.52
2017-11-13 12:05:00;5602.4;5627.7;5557;5600;148.23;826381.12;5574.97
2017-11-13 12:10:00;5600;5644;5590.5;5600.1;98.4;553225.04;5622.36
2017-11-13 12:15:00;5600;5600;5550.1;5560;42.09;235023.92;5584.11
2017-11-13 12:20:00;5560;5609.8;5556.6;5604;45.13;252315.3;5591.39
2017-11-13 12:25:00;5580;5604;5565;5603;45.84;256511.16;5596.17
2017-11-13 12:30:00;5596.6;5604;5583;5603.9;34.66;194117.3;5600.46
2017-11-13 12:35:00;5603.9;5649;5600;5648.7;63.7;357189.18;5607.42
2017-11-13 12:40:00;5626;5648.7;5611.4;5645.6;47.31;266960.03;5643.24
2017-11-13 12:45:00;5645.6;5684.2;5644.4;5684.2;127.4;720594.36;5656.38
2017-11-13 12:50:00;5676.2;5716.7;5676.2;5716.7;61.79;352197.67;5699.84
2017-11-13 12:55:00;5716.7;5738;5705;5730;99.27;568579.23;5727.7
2017-11-13 13:00:00;5730;5740;5706;5730;118.15;676182.74;5723.21
2017-11-13 13:05:00;5740;5763;5725.3;5763;69.01;396241.62;5741.82
2017-11-13 13:10:00;5754.2;5800;5754;5800;147.51;853136.2;5783.74
2017-11-13 13:15:00;5800;5800;5675.2;5770;255.64;1468871.89;5745.82
2017-11-13 13:20:00;5770;5797.2;5680.2;5794.9;30.8;178092.27;5782.5
2017-11-13 13:25:00;5790;5801;5750;5801;80.63;467009.75;5791.76
2017-11-13 13:30:00;5800.8;5838;5800.8;5827.9;65.58;381341.2;5814.68
2017-11-13 13:35:00;5827.9;5830;5770.2;5810;111.26;646230.23;5808.08
2017-11-13 13:40:00;5810;5817.7;5770;5780;59.81;347052.03;5802.63
2017-11-13 13:45:00;5800.1;5809;5775;5776.3;58.31;337811.3;5793.05
2017-11-13 13:50:00;5776.3;5800;5770;5774.9;69.58;401938.04;5776.59
2017-11-13 13:55:00;5774.9;5775;5690;5749.9;153.7;884874.15;5757.16
2017-11-13 14:00:00;5749.8;5749.9;5690.1;5699;22.44;128253.57;5716.62
2017-11-13 14:05:00;5696;5744.9;5696;5735;69.16;395405.43;5717.65
2017-11-13 14:10:00;5735;5735;5703;5715;72.98;417426.22;5719.73
2017-11-13 14:15:00;5710;5712.5;5650;5650;56.92;323682.17;5686.56
2017-11-13 14:20:00;5650;5665.9;5600;5620;124.84;701454.66;5619.04
2017-11-13 14:25:00;5620;5630;5605.7;5619.9;60.65;341051.82;5623.21
2017-11-13 14:30:00;5619.9;5619.9;5585;5600;48.52;271901.74;5603.98
2017-11-13 14:35:00;5600;5622.9;5585;5620.7;113.11;634814.25;5612.12
2017-11-13 14:40:00;5619.9;5690;5616.1;5650;75.88;429071.35;5654.77
2017-11-13 14:45:00;5679.9;5690.3;5643;5671;40.14;227278.17;5662.69
2017-11-13 14:50:00;5671;5678.7;5631;5631;48.35;273627.46;5658.85
2017-11-13 14:55:00;5650;5655.8;5625.4;5649.8;46.37;261614.17;5642.22
2017-11-13 15:00:00;5648.8;5649.8;5622.9;5630.6;31.64;178306.03;5635.33
2017-11-13 15:05:00;5646.6;5647.6;5622.9;5632.5;32.05;180872.65;5643.83
2017-11-13 15:10:00;5631.8;5640;5624.1;5639.3;23.19;130716.59;5635.67
2017-11-13 15:15:00;5640;5680;5624.1;5679.9;45.4;256555.87;5650.86
2017-11-13 15:20:00;5670;5679.6;5651;5670;36.72;208338.34;5674.21
2017-11-13 15:25:00;5672;5678;5651.2;5674;27.2;154214.15;5669.91
2017-11-13 15:30:00;5674;5700;5674;5699.4;43.09;245279.5;5692.69
2017-11-13 15:35:00;5699.9;5699.9;5688.1;5699;35.3;201169.35;5698.44
2017-11-13 15:40:00;5698.1;5698.3;5688;5692.7;46.54;265009.86;5694.6
2017-11-13 15:45:00;5692.7;5699.9;5688;5699.9;32.49;185012.03;5694.13
2017-11-13 15:50:00;5699.9;5749.8;5688.8;5734;114.69;654029.69;5702.72
2017-11-13 15:55:00;5745;5749;5720.1;5745;22.68;130168.99;5740.58
2017-11-13 16:00:00;5749;5749;5745.1;5748.3;12.09;69516.03;5748.18
2017-11-13 16:05:00;5748.1;5749;5704;5715.2;50.51;289341.53;5728.11
2017-11-13 16:10:00;5718.9;5723.4;5678;5703.9;27.2;155008.79;5698.57
2017-11-13 16:15:00;5703.9;5704;5688.5;5698.5;21.15;120536.8;5698.49
2017-11-13 16:20:00;5695.3;5698;5642.3;5666.8;28.72;162841.15;5670.88
2017-11-13 16:25:00;5668.5;5668.6;5605.4;5612.3;27.92;157192.88;5629.67
2017-11-13 16:30:00;5612.3;5666.8;5604.1;5650;69.53;391796.43;5635.23
2017-11-13 16:35:00;5660.2;5661.8;5636.1;5636.1;35.46;200299.99;5649.36
2017-11-13 16:40:00;5636.1;5651.1;5624.3;5650.5;34.8;196510.41;5647.01
2017-11-13 16:45:00;5646.6;5649.9;5639.5;5639.5;33.66;190112.64;5647.78
2017-11-13 16:50:00;5640;5640;5584;5590.1;74.86;419794.95;5607.72
2017-11-13 16:55:00;5580.7;5590.1;5536.8;5564.8;41.16;229048.86;5564.61
2017-11-13 17:00:00;5564.6;5564.8;5531;5540;26.03;144139.79;5538.05
2017-11-13 17:05:00;5540;5548.3;5530.9;5548;24.26;134435.28;5540.83
2017-11-13 17:10:00;5548;5620.7;5548;5563.8;29.36;163608.27;5573.12
2017-11-13 17:15:00;5599.5;5620.6;5563.8;5610;28.95;162404.97;5609.18
2017-11-13 17:20:00;5610.1;5620.7;5610.1;5610.8;28.1;157918.53;5620.57
2017-11-13 17:25:00;5610.8;5620.1;5550;5550.1;30.12;168116.61;5581.66
2017-11-13 17:30:00;5586.4;5586.4;5546.5;5570;13.52;75189.59;5562.02
2017-11-13 17:35:00;5578.4;5620;5556.2;5556.2;24.61;137532.22;5587.99
2017-11-13 17:40:00;5556.5;5593.2;5556.5;5560.4;4.6;25639.18;5567.89
2017-11-13 17:45:00;5586.9;5588;5556.5;5585;20.03;111833.7;5583.53
2017-11-13 17:50:00;5584.8;5597.7;5557.8;5597.7;11.45;63893.61;5581.77
2017-11-13 17:55:00;5584.7;5619.9;5584.5;5601.1;17.21;96345.2;5598.26
2017-11-13 18:00:00;5601.1;5619.8;5535;5544.5;56.02;312524.1;5579.08
2017-11-13 18:05:00;5540.3;5544.5;5492.5;5530.7;73.79;406258.3;5505.45
2017-11-13 18:10:00;5512;5540;5503;5525.1;20.77;114473.16;5512.47
2017-11-13 18:15:00;5525.1;5536.7;5488;5509.6;50.86;280174.01;5508.8
2017-11-13 18:20:00;5509.3;5509.6;5393.8;5393.8;175.43;955254.2;5445.19
2017-11-13 18:25:00;5447.7;5460.3;5340;5440;65.47;353332.72;5397.03
2017-11-13 18:30:00;5440;5447.9;5408.2;5408.2;74.8;404937.27;5413.92
2017-11-13 18:35:00;5408.2;5450;5404;5444.5;82.69;447818.16;5415.54
2017-11-13 18:40:00;5444;5543.8;5444;5500;86.64;477382.19;5509.96
2017-11-13 18:45:00;5500;5500.6;5450;5460;52.9;289414.3;5470.6
2017-11-13 18:50:00;5460;5476.6;5423.7;5465;52.03;283871.32;5455.45
2017-11-13 18:55:00;5464.9;5465;5440;5454.8;23.75;129552.69;5454.95
2017-11-13 19:00:00;5454.8;5460;5435.2;5454.1;22.33;121782.09;5453.18
2017-11-13 19:05:00;5454.1;5454.6;5400;5401.1;44.93;243699.59;5424.34
2017-11-13 19:10:00;5423.9;5440;5380;5440;126.2;684933.54;5427.43
2017-11-13 19:15:00;5440;5597.3;5436;5597.3;70.13;385119.64;5491.85
2017-11-13 19:20:00;5599;5647.6;5542;5570;121.05;677338.76;5595.49
2017-11-13 19:25:00;5570;5589.9;5540;5589.9;36.6;203692.22;5564.6
2017-11-13 19:30:00;5589.7;5589.7;5540;5570;31.34;174312.47;5562.27
2017-11-13 19:35:00;5543;5570.8;5488.1;5543.1;85.87;476231.68;5546.27
2017-11-13 19:40:00;5570.7;5570.8;5540;5549.7;27.48;152455.29;5547.16
2017-11-13 19:45:00;5549.4;5550;5515.2;5545;31.47;174316.61;5538.49
2017-11-13 19:50:00;5545;5575;5545;5550;23.72;131712.28;5552.12
2017-11-13 19:55:00;5550;5550;5462.3;5550;49.17;271210.12;5516.28
2017-11-13 20:00:00;5545.5;5545.5;5490;5539.9;14.84;81945.97;5521.58
2017-11-13 20:05:00;5540;5549.9;5529.7;5549.8;30.66;170058.04;5547.08
2017-11-13 20:10:00;5549.7;5589.6;5549.7;5588.6;41.2;229461.36;5570.03
2017-11-13 20:15:00;5580;5589;5574.9;5589;18.53;103478.2;5583.27
2017-11-13 20:20:00;5589;5589;5574.9;5585;23.15;129299.77;5585.74
2017-11-13 20:25:00;5584.9;5584.9;5509;5569;57.42;318283.57;5543.25
2017-11-13 20:30:00;5568.9;5570;5521.1;5544.8;16.3;90686.97;5564.49
2017-11-13 20:35:00;5535.6;5557.6;5500;5515.5;35.12;193990.17;5524.17
2017-11-13 20:40:00;5515.5;5534.9;5454;5490;49.46;271044.47;5480.11
2017-11-13 20:45:00;5484;5490;5483;5483.1;27.62;151555.49;5487.59
2017-11-13 20:50:00;5480;5483;5454;5479.2;30.88;168578.83;5459.76
2017-11-13 20:55:00;5479;5486;5470;5486;17.64;96687.15;5480.21
2017-11-13 21:00:00;5486.6;5525;5483;5525;30.89;170410.36;5515.91
2017-11-13 21:05:00;5514;5620.1;5514;5600.6;75.54;420794.04;5570.26
2017-11-13 21:10:00;5600.6;5638;5580.1;5638;76.51;429526.65;5613.83
2017-11-13 21:15:00;5638;5638;5570;5609.1;58.41;326654.79;5592.76
2017-11-13 21:20:00;5609.1;5625;5600;5602.9;17.03;95527.59;5607.77
2017-11-13 21:25:00;5601;5615.5;5570;5603;21.52;120496.27;5598.97
2017-11-13 21:30:00;5608.9;5650;5570;5619.9;62.14;349413.66;5623.32
2017-11-13 21:35:00;5615.9;5666.6;5613.5;5625.4;19.51;110032.23;5639.5
2017-11-13 21:40:00;5640;5664.9;5626;5640;14.52;81987.47;5644.95
2017-11-13 21:45:00;5640;5664.3;5640;5649.8;12.39;70012.22;5649.13
2017-11-13 21:50:00;5650;5650;5615.1;5648;21.87;123485.23;5647.35
2017-11-13 21:55:00;5615.2;5647;5601.1;5630.1;19.44;109402.85;5629.14
2017-11-13 22:00:00;5601.5;5635;5595.1;5609.9;78.25;438478.65;5603.2
2017-11-13 22:05:00;5601.4;5601.4;5590;5590;12.22;68418.17;5597.8
2017-11-13 22:10:00;5590;5599.8;5575.3;5580.2;14.95;83554.12;5587.82
2017-11-13 22:15:00;5588.1;5590;5580;5590;13.1;73136.56;5584.62
2017-11-13 22:20:00;5582;5600;5582;5585;17.18;96012.56;5587.29
2017-11-13 22:25:00;5588.1;5590;5582;5585.7;22.09;123394.35;5585.85
2017-11-13 22:30:00;5585.7;5614.7;5585.7;5614.7;9.89;55318.32;5591.21
2017-11-13 22:35:00;5615.6;5625;5580;5589.8;18.34;102528.81;5591.55
2017-11-13 22:40:00;5585.4;5590;5577.1;5582.3;14.38;80368.98;5588.25
2017-11-13 22:45:00;5582.2;5582.3;5560;5576.7;25.24;140795.8;5577.32
2017-11-13 22:50:00;5576.7;5623.5;5576;5623.5;30.92;173087.38;5597.22
2017-11-13 22:55:00;5600;5622;5579.8;5580;26.68;148963.65;5583.34
2017-11-13 23:00:00;5589.9;5610;5580.1;5604.6;9.4;52505.43;5587.12
2017-11-13 23:05:00;5585.1;5600;5577;5600;16.78;93714.73;5583.42
2017-11-13 23:10:00;5580.7;5609.7;5570.1;5570.1;19.41;108350.9;5583.17
2017-11-13 23:15:00;5571.1;5598.2;5561.2;5577.3;30.08;167662.29;5574.59
2017-11-13 23:20:00;5580.4;5625;5564.4;5625;17.3;96650.73;5586.66
2017-11-13 23:25:00;5625;5640;5598.3;5609;49.26;277305.04;5629.88
2017-11-13 23:30:00;5599.3;5675;5599.3;5654.8;33.69;190385.36;5651.78
2017-11-13 23:35:00;5654.8;5654.8;5615.1;5650;62.7;354187.54;5648.95
2017-11-13 23:40:00;5654.6;5654.6;5600;5627.5;43.18;243875.59;5647.54
2017-11-13 23:45:00;5625;5640.2;5612;5612.7;13.77;77472.41;5627.27
2017-11-13 23:50:00;5635;5635.2;5591;5627.1;25.35;142304.51;5613.56
2017-11-13 23:55:00;5614.4;5635.2;5614.3;5629.1;20.52;115601.65;5632.42
2017-11-14 00:00:00;5627.5;5648;5627.5;5647.1;17.33;97673.15;5637.09
2017-11-14 00:05:00;5638;5674;5637.9;5674;9.7;54818.86;5650.72
2017-11-14 00:10:00;5674;5675;5668.5;5674;14.99;85069.83;5674.03
2017-11-14 00:15:00;5675;5682;5665.3;5674.8;12.52;71040.39;5675.39
2017-11-14 00:20:00;5674.8;5680;5630;5650;9.92;56153.13;5662.21
2017-11-14 00:25:00;5653.5;5675;5640;5675;12.44;70469.27;5662.65
2017-11-14 00:30:00;5672.6;5675;5656.9;5673.5;12.85;72869.66;5671.56
2017-11-14 00:35:00;5672;5675;5665.5;5674.1;22.11;125475.57;5674.4
2017-11-14 00:40:00;5679.3;5700.5;5670.4;5699.9;41.25;234741.39;5691.33
2017-11-14 00:45:00;5699.9;5725;5699.9;5700;9.9;56567.63;5712.72
2017-11-14 00:50:00;5700;5700;5680;5680.4;9.94;56528.85;5687.42
2017-11-14 00:55:00;5697.8;5725;5682.7;5725;11.61;66136.3;5694.56
2017-11-14 01:00:00;5725;5750;5709.1;5750;39.54;226959.58;5739.33
2017-11-14 01:05:00;5748.3;5750;5735.1;5737.6;42.18;242225.28;5742.99
2017-11-14 01:10:00;5735.1;5737.6;5645.1;5703.1;32.63;185925.34;5697.92
2017-11-14 01:15:00;5706.4;5729.6;5693.9;5729;35.53;203501.11;5727.96
2017-11-14 01:20:00;5727.9;5735.1;5706.5;5735.1;26.46;151363.94;5719.45
2017-11-14 01:25:00;5729;5752;5706.5;5752;41.41;237796.49;5741.98
2017-11-14 01:30:00;5741.4;5761.1;5739;5739;9.65;55531.26;5751.81
2017-11-14 01:35:00;5734;5750;5734;5749.5;5.34;30705.05;5745.84
2017-11-14 01:40:00;5749.8;5749.8;5749.8;5749.8;10.09;58043.53;5749.8
2017-11-14 01:45:00;5749.8;5749.8;5632.4;5699.9;53.75;307960.82;5729.1
2017-11-14 01:50:00;5699.9;5748.9;5699.9;5732.8;15.65;89840.19;5740.06
2017-11-14 01:55:00;5742.2;5751.1;5730;5740;21.55;123807.63;5744.44
2017-11-14 02:00:00;5740.3;5748.5;5730;5730.2;11.92;68316.6;5733.26
2017-11-14 02:05:00;5730;5731.1;5728.3;5730.2;23.38;133990.23;5730.71
2017-11-14 02:10:00;5730.2;5731.1;5701.1;5709.6;11.25;64388.06;5723.47
2017-11-14 02:15:00;5720.3;5731.1;5706;5706;4.86;27825.33;5726.59
2017-11-14 02:20:00;5710.4;5715.7;5701.8;5709.8;30.82;175810.41;5705.29
2017-11-14 02:25:00;5703.1;5731.1;5701.8;5715.8;8.34;47719.56;5721.44
2017-11-14 02:30:00;5702.8;5745;5702.8;5715.7;25.65;146867.71;5726.45
2017-11-14 02:35:00;5730.2;5751.1;5710.1;5730.4;18.84;108215.86;5743.62
2017-11-14 02:40:00;5750.5;5750.5;5719;5739.1;2.04;11697.06;5728.31
2017-11-14 02:45:00;5730.2;5751.1;5729.6;5730.6;14.93;85751.86;5742.37
2017-11-14 02:50:00;5734.6;5751.1;5730.2;5730.4;20.63;118315.65;5733.98
2017-11-14 02:55:00;5730.2;5750;5713.4;5737.7;3.94;22598.18;5734.25
2017-11-14 03:00:00;5735.4;5749.7;5715;5729.4;2.92;16754.01;5736.48
2017-11-14 03:05:00;5734.2;5750;5732.4;5739.2;10.24;58755.52;5739.38
2017-11-14 03:10:00;5744.9;5751.1;5739.1;5742.6;1.33;7658.56;5746.97
2017-11-14 03:15:00;5749.8;5751.1;5745;5750.5;6.24;35874.5;5750.55
2017-11-14 03:20:00;5750.5;5764.9;5750;5755.4;11.69;67215.17;5751.3
2017-11-14 03:25:00;5755.4;5765;5751.1;5761.1;14.34;82478.59;5753.27
2017-11-14 03:30:00;5752.5;5761.5;5752.5;5761;15.27;87976.28;5760.7
2017-11-14 03:35:00;5761.1;5761.5;5752;5755.5;11.4;65652.87;5758.31
2017-11-14 03:40:00;5754.9;5761.5;5752.4;5755.6;7.24;41698.15;5758.57
2017-11-14 03:45:00;5755;5789.4;5755;5789.4;50.26;290396.08;5778.14
2017-11-14 03:50:00;5789.1;5797.3;5774.9;5779;24.05;139174.75;5787.42
2017-11-14 03:55:00;5787.4;5788;5751.1;5751.1;10.97;63307.27;5770.19
2017-11-14 04:00:00;5751.1;5751.1;5700;5700;55.74;319274.87;5727.49
2017-11-14 04:05:00;5700;5720;5699.8;5699.8;6.86;39147.64;5704.53
2017-11-14 04:10:00;5698.6;5698.6;5635.1;5689.7;8.5;48140.6;5665.87
2017-11-14 04:15:00;5682;5701.5;5635.1;5698.4;37.27;211500.85;5674.23
2017-11-14 04:20:00;5698.4;5709.4;5698.4;5700.5;4.43;25265.84;5700.56
2017-11-14 04:25:00;5700.6;5721.3;5680;5709.3;28.24;160858.49;5696.78
2017-11-14 04:30:00;5699.7;5735.1;5690.4;5726.3;5.33;30437.23;5709.75
2017-11-14 04:35:00;5726.3;5749.9;5711.2;5733.4;16.39;94015.47;5737.68
2017-11-14 04:40:00;5739.8;5770.7;5727.2;5761.2;20.58;118259.39;5747.5
2017-11-14 04:45:00;5761.8;5761.8;5727.2;5749.9;9.76;56123.47;5747.88
2017-11-14 04:50:00;5741;5750;5727.2;5727.5;1.67;9560.23;5734.48
2017-11-14 04:55:00;5747.8;5748.8;5727.6;5730;2.46;14118.63;5744.71
2017-11-14 05:00:00;5745.1;5747.8;5703.1;5705.3;14.59;83599.23;5729.71
2017-11-14 05:05:00;5723.9;5730.7;5700;5700;10.76;61516.51;5716.85
2017-11-14 05:10:00;5699;5728.8;5653.2;5699.1;29.55;168335.8;5697.47
2017-11-14 05:15:00;5699;5725.2;5698.5;5713;4.32;24667.1;5711.65
2017-11-14 05:20:00;5713.5;5724.3;5650.8;5672.1;10.58;60230.06;5691.11
2017-11-14 05:25:00;5680.5;5699.9;5680.4;5690.3;13.13;74731.3;5693.45
2017-11-14 05:30:00;5689.9;5695;5686.3;5690;7.18;40858.12;5690.36
2017-11-14 05:35:00;5690.3;5690.3;5676.9;5690.3;3.5;19889.28;5688.97
2017-11-14 05:40:00;5690;5690.3;5652.2;5689.7;26.12;147804.08;5659.27
2017-11-14 05:45:00;5689.7;5713;5665;5683.1;13.76;78328.95;5692.92
2017-11-14 05:50:00;5713;5713;5676.3;5684.4;6.75;38403.97;5689.61
2017-11-14 05:55:00;5684.1;5715;5670;5713;8.43;47863.84;5676.84
2017-11-14 06:00:00;5702.5;5705.8;5685.6;5689;3.37;19184.32;5695.84
2017-11-14 06:05:00;5689;5702.2;5685.6;5696.9;12.95;73800.85;5699.9
2017-11-14 06:10:00;5702;5702.2;5696.9;5696.9;15.92;90784.34;5701.45
2017-11-14 06:15:00;5702.2;5702.2;5690;5701.3;18.19;103636.1;5696.34
2017-11-14 06:20:00;5698.4;5732.4;5697;5732.4;19.61;112157.38;5718.57
2017-11-14 06:25:00;5730;5732.4;5701.3;5711.7;14.78;84641.01;5727.8
2017-11-14 06:30:00;5731;5731;5691;5701.1;11.55;65925;5709.28
2017-11-14 06:35:00;5701;5711.6;5691.1;5701.8;10.61;60499.96;5702.17
2017-11-14 06:40:00;5701.8;5706.4;5699.8;5699.8;10.82;61703.88;5701.16
2017-11-14 06:45:00;5700;5703;5690;5698.9;10.78;61376.7;5695.66
2017-11-14 06:50:00;5698.9;5701.7;5684.7;5700;20.14;114730.9;5695.29
2017-11-14 06:55:00;5700;5701.1;5684.7;5701.1;5.01;28572.87;5697.63
2017-11-14 07:00:00;5696;5696;5680;5680;7.32;41650.56;5689.21
2017-11-14 07:05:00;5690;5690.1;5670;5675.9;7.25;41174.64;5681.37
2017-11-14 07:10:00;5680;5706.4;5675.9;5706.4;12.85;73112.57;5688.87
2017-11-14 07:15:00;5685.4;5703;5676;5699.9;13.18;74955.66;5686.49
2017-11-14 07:20:00;5697.3;5706.4;5697.3;5706.4;9.94;56710.92;5702.5
2017-11-14 07:25:00;5703;5719;5666;5709.9;31.19;177822.65;5702.08
2017-11-14 07:30:00;5702.3;5719.9;5702.3;5715;15.79;90105.19;5707.25
2017-11-14 07:35:00;5703;5726.3;5699;5699;17.15;97969.21;5711.78
2017-11-14 07:40:00;5705;5720;5690.1;5700;13.83;78869.69;5700.97
2017-11-14 07:45:00;5693.2;5700;5680;5687.5;13.25;75464.36;5696.13
2017-11-14 07:50:00;5680;5698.6;5676.4;5688.1;18.23;103643.98;5684.55
2017-11-14 07:55:00;5687.5;5700;5670.1;5700;24.61;139979.18;5687.1
2017-11-14 08:00:00;5700;5715.9;5675.2;5675.2;9.87;56231.03;5694.58
2017-11-14 08:05:00;5693.7;5723.5;5675.1;5723.3;23.35;133269.67;5706.67
2017-11-14 08:10:00;5704.9;5723.2;5690.7;5705;20.43;116671.15;5709.76
2017-11-14 08:15:00;5705;5714.8;5675;5675;34.22;195199.97;5704.95
2017-11-14 08:20:00;5690.7;5701.3;5670;5691;14.46;82334.58;5692.35
2017-11-14 08:25:00;5695;5697.8;5675;5680;30.47;173317.53;5687.83
2017-11-14 08:30:00;5680;5680;5660.1;5660.1;7.23;41018.11;5676.57
2017-11-14 08:35:00;5666;5679.7;5650;5660;22.92;129674.66;5657.91
2017-11-14 08:40:00;5679.6;5700;5636;5650;9.53;53880.95;5653.29
2017-11-14 08:45:00;5666.5;5666.5;5605.8;5605.8;27.41;154336.75;5629.98
2017-11-14 08:50:00;5605;5649;5600;5631;58.58;328718.72;5611.48
2017-11-14 08:55:00;5631;5648.8;5601.1;5648.7;39.23;220300.41;5615.57
2017-11-14 09:00:00;5616.1;5650;5601.2;5620;14.82;83441.7;5630.43
2017-11-14 09:05:00;5630;5647.7;5606;5625;13.9;78154.18;5623.82
2017-11-14 09:10:00;5627.4;5647.3;5620;5647.2;24.99;140933.79;5639.18
2017-11-14 09:15:00;5647.2;5684.4;5642.1;5668.8;16.82;95119.26;5654.58
2017-11-14 09:20:00;5655.5;5684.3;5650;5669;20.68;117344.67;5674.7
2017-11-14 09:25:00;5650.2;5668.9;5650.1;5650.6;35.08;198786.97;5667.25
2017-11-14 09:30:00;5650.5;5674.5;5650;5650.4;7.57;42849.8;5660.98
2017-11-14 09:35:00;5650.4;5684;5650.4;5680;6.95;39400.75;5667.05
2017-11-14 09:40:00;5669.1;5680;5650;5657;17.66;99955.11;5660.88
2017-11-14 09:45:00;5664.6;5669.1;5623;5657;39.04;220663.41;5651.94
2017-11-14 09:50:00;5657;5679.5;5623;5668.1;19.36;109427.51;5652.69
2017-11-14 09:55:00;5669.7;5670;5667.8;5670;16.2;91861.78;5669.09
2017-11-14 10:00:00;5675;5696.4;5671;5696.4;17.17;97507.19;5678.09
2017-11-14 10:05:00;5680;5697;5675.3;5697;26.96;153475.09;5692.29
2017-11-14 10:10:00;5697;5705;5696.5;5696.5;23.46;133693.54;5699.13
2017-11-14 10:15:00;5696.5;5700;5680;5699.6;19.89;113322.16;5697.15
2017-11-14 10:20:00;5698.6;5705;5697.1;5700.2;15.16;86398.49;5699.32
2017-11-14 10:25:00;5700.2;5700.2;5677;5689.1;26.54;151032.11;5690.89
2017-11-14 10:30:00;5688.5;5689.1;5641.4;5679.8;38.25;216931.59;5670.83
2017-11-14 10:35:00;5680;5697.9;5679;5681.4;21.62;122935.76;5686.97
2017-11-14 10:40:00;5695;5698;5683.5;5690.9;11.74;66857.76;5694.75
2017-11-14 10:45:00;5693.8;5706.8;5684.9;5687.6;27.74;157911.84;5693.35
2017-11-14 10:50:00;5689.4;5710;5685.2;5699.4;26.25;149497.71;5694.42
2017-11-14 10:55:00;5699.4;5732.4;5698;5732.4;25;142902.59;5716.95
2017-11-14 11:00:00;5710.2;5735;5707;5707;60.73;347911.08;5729.13
2017-11-14 11:05:00;5710;5730;5700;5729.3;16.34;93481.31;5721.2
2017-11-14 11:10:00;5711;5729;5703.9;5720;31.01;177463.35;5722.8
2017-11-14 11:15:00;5719.9;5728;5703;5710.9;64.33;367875.84;5718.67
2017-11-14 11:20:00;5710.9;5719.9;5690;5699.5;44.79;255410.38;5702.31
2017-11-14 11:25:00;5695.4;5699.6;5681.2;5689.7;42.48;241651.54;5688.02
2017-11-14 11:30:00;5689.8;5694.7;5679;5681.5;42.44;241365.55;5686.69
2017-11-14 11:35:00;5682;5689.4;5662.2;5662.2;50.86;288851.17;5678.93
2017-11-14 11:40:00;5661.8;5679;5650;5670.8;70.49;399736.16;5670.77
2017-11-14 11:45:00;5670.1;5679;5665;5677.7;36.21;205589.82;5677.13
2017-11-14 11:50:00;5677.6;5688;5675;5680.4;17.98;102096.08;5678.11
2017-11-14 11:55:00;5678.1;5678.1;5671;5676;84.55;479889.76;5675.51
2017-11-14 12:00:00;5676;5676.2;5630.5;5656;38.09;215400.24;5654.59
2017-11-14 12:05:00;5656;5673;5624.4;5650;29.06;164191.84;5649.73
2017-11-14 12:10:00;5659.4;5659.4;5608.3;5608.3;141.82;798952.99;5633.51
2017-11-14 12:15:00;5607;5625;5581.1;5625;71.18;398795.37;5602.46
2017-11-14 12:20:00;5625;5641.7;5617.4;5640.8;19.95;112445.74;5635.29
2017-11-14 12:25:00;5641;5672.7;5625.7;5647.8;38.33;216544.22;5648.95
2017-11-14 12:30:00;5649.7;5649.7;5632.3;5632.3;24.61;138881.38;5643.08
2017-11-14 12:35:00;5632.3;5647.7;5630;5633.7;13.87;78196.76;5638.86
2017-11-14 12:40:00;5644.7;5658.6;5635.1;5651;27.43;154886.34;5647.4
2017-11-14 12:45:00;5650;5669.9;5650;5669.9;30.89;174660.78;5654.89
2017-11-14 12:50:00;5655;5669.9;5655;5659.8;38.24;216359.06;5657.44
2017-11-14 12:55:00;5658;5685;5655.9;5673;17.59;99662.45;5665.88
2017-11-14 13:00:00;5673;5694.3;5660.8;5694.3;26.03;147806.08;5678.3
2017-11-14 13:05:00;5685;5694.3;5655;5667;25.35;143690.62;5667.47
2017-11-14 13:10:00;5662.8;5677.7;5651;5655;20.21;114421.73;5662.34
2017-11-14 13:15:00;5655;5655;5631;5650;38.97;220178.49;5650.27
2017-11-14 13:20:00;5647.8;5677;5630;5666.5;188.08;1062114.86;5647.1
2017-11-14 13:25:00;5654.7;5655;5630;5649.9;22.57;127381.03;5645.06
2017-11-14 13:30:00;5649.9;5650;5630;5630.1;32.82;184916.78;5634.16
2017-11-14 13:35:00;5630.1;5655;5630.1;5649;23.55;132915.63;5644.46
2017-11-14 13:40:00;5649;5655;5631;5648;36.21;204404.96;5644.63
2017-11-14 13:45:00;5648;5649;5643;5647.2;22.48;126952.39;5647.89
2017-11-14 13:50:00;5647.1;5647.7;5640.1;5643.1;30.25;170720.85;5643.35
2017-11-14 13:55:00;5643.2;5649;5638;5640.1;25.68;144858.3;5641.66
2017-11-14 14:00:00;5640.1;5640.1;5638;5640;21.09;118949.3;5639.74
2017-11-14 14:05:00;5640;5649;5632;5648;38.62;217819.59;5639.85
2017-11-14 14:10:00;5640.1;5675.9;5640;5675;50.42;285124.86;5655.36
2017-11-14 14:15:00;5675;5685;5670;5682;41.48;235502.97;5678.16
2017-11-14 14:20:00;5683;5685;5682;5683;13.63;77481.91;5683.7
2017-11-14 14:25:00;5683;5690.3;5682;5690.3;26.08;148287.63;5686.35
2017-11-14 14:30:00;5690.7;5694.3;5690;5693;6.37;36258.3;5691.39
2017-11-14 14:35:00;5694.3;5699;5694.3;5699;17.18;97882.96;5697.03
2017-11-14 14:40:00;5698;5714.4;5698;5710;73.43;418975.28;5705.66
2017-11-14 14:45:00;5700;5719.6;5700;5710;34.31;196013.84;5712.82
2017-11-14 14:50:00;5710;5724;5710;5712.8;35.81;204578.73;5713.15
2017-11-14 14:55:00;5710;5729;5699;5729;51.07;291984.47;5717.18
2017-11-14 15:00:00;5729.9;5730;5710.1;5711.7;17.48;99980.89;5721.05
2017-11-14 15:05:00;5710.1;5729.8;5710;5710.1;19.6;112009.3;5713.53
2017-11-14 15:10:00;5710.1;5730;5698;5709;35.15;200834.6;5713.81
2017-11-14 15:15:00;5703;5709;5693;5693;16.11;91860.89;5701.29
2017-11-14 15:20:00;5701.2;5708.9;5690;5695;16.53;94294.61;5703.85
2017-11-14 15:25:00;5694.4;5695;5682;5682;16.23;92357.29;5690.23
2017-11-14 15:30:00;5682;5690;5680.1;5680.2;22.02;125175.19;5685.33
2017-11-14 15:35:00;5680.2;5680.2;5655.4;5678.5;59.57;337339.31;5662.92
2017-11-14 15:40:00;5674.9;5680;5660;5660.1;37.21;210835.68;5665.56
2017-11-14 15:45:00;5660.1;5675;5659.5;5660.1;9.19;52012.83;5662.76
2017-11-14 15:50:00;5660.1;5674.6;5660.1;5670;22.09;125110.46;5664.45
2017-11-14 15:55:00;5661.2;5675;5661;5668.5;15.29;86645.23;5666.36
2017-11-14 16:00:00;5668.5;5700;5668;5668;28.18;159947.52;5674.99
2017-11-14 16:05:00;5675;5680;5655;5662.6;31.11;176173.09;5663.31
2017-11-14 16:10:00;5665.6;5665.6;5649;5660.3;38.56;218131.04;5656.78
2017-11-14 16:15:00;5660.3;5662.9;5649.1;5655;50.8;287281.72;5655.12
2017-11-14 16:20:00;5655;5655;5641.3;5641.9;35.56;200719.54;5644.6
2017-11-14 16:25:00;5641;5642;5641;5642;20.19;113918;5641.76
2017-11-14 16:30:00;5642;5665;5641.9;5655;60.63;342528.53;5649.58
2017-11-14 16:35:00;5654.7;5712;5654.6;5712;62.16;353450.44;5685.78
2017-11-14 16:40:00;5712.9;5731.6;5681.3;5700.7;88.38;505198.34;5716.13
2017-11-14 16:45:00;5700.7;5722;5683;5684.5;19.1;108978.28;5707.05
2017-11-14 16:50:00;5699.9;5756.8;5684;5705.2;130.03;744299.14;5723.99
2017-11-14 16:55:00;5711;5729.9;5710;5711;11.11;63587.06;5721.49
2017-11-14 17:00:00;5711;5719;5682.1;5707.4;23.73;135402.65;5705.69
2017-11-14 17:05:00;5707.4;5724;5685.1;5700;17.59;100465.53;5711.09
2017-11-14 17:10:00;5700;5714.6;5680;5712.6;22.85;130348.34;5703.87
2017-11-14 17:15:00;5710;5723;5700;5720;12.89;73673.16;5713.34
2017-11-14 17:20:00;5710.1;5724.8;5690;5706.1;26.23;149913.37;5714.45
2017-11-14 17:25:00;5712;5749.9;5706;5742;26.05;149311.02;5732.3
2017-11-14 17:30:00;5734.5;5745;5725;5725;13.4;76773.83;5729.39
2017-11-14 17:35:00;5725;5745.1;5725;5728;31.26;179091.28;5729.33
2017-11-14 17:40:00;5729.7;5745.6;5721.1;5724.4;12.21;69945.82;5728.01
2017-11-14 17:45:00;5721.1;5737.7;5720;5721;34.11;195152.41;5721.71
2017-11-14 17:50:00;5721;5721;5675.2;5699;42.34;241509.09;5703.47
2017-11-14 17:55:00;5699;5709.7;5683;5690;5.08;28903.65;5689.85
2017-11-14 18:00:00;5690;5704;5684;5700;29.76;169312.49;5689.01
2017-11-14 18:05:00;5702;5707.9;5686;5686;40.14;228818.47;5700.04
2017-11-14 18:10:00;5690;5700;5686;5690;39.41;224327.58;5692.48
2017-11-14 18:15:00;5697.7;5698.8;5691;5695;12.47;70990.16;5694.27
2017-11-14 18:20:00;5694.1;5717.8;5694.1;5715;14.38;82050.59;5704.88
2017-11-14 18:25:00;5718;5718;5694;5710.6;25.88;147567.86;5703.04
2017-11-14 18:30:00;5710.6;5715.8;5684;5684.2;21.04;119796.07;5694.48
2017-11-14 18:35:00;5684.2;5701.7;5684.1;5684.2;7.53;42791.72;5685.28
2017-11-14 18:40:00;5684.2;5690.7;5659;5664.3;46.08;261275.64;5670.5
2017-11-14 18:45:00;5667.3;5707.8;5665;5668.5;10.29;58433.19;5675.94
2017-11-14 18:50:00;5669.7;5710.2;5660.7;5665.2;5.99;33945.31;5669.14
2017-11-14 18:55:00;5669.8;5670;5665.2;5669.8;6.56;37167.1;5669.59
2017-11-14 19:00:00;5670.2;5703.4;5669.8;5689.7;10.28;58454.56;5684.12
2017-11-14 19:05:00;5685;5716;5670.8;5704.2;13.82;78846.93;5705.22
2017-11-14 19:10:00;5701;5701;5680;5685;23.22;132218.14;5694
2017-11-14 19:15:00;5685;5685;5671.6;5674.9;12.19;69275.93;5680.83
2017-11-14 19:20:00;5674.9;5675;5669.8;5675;21.28;120720.94;5673.85
2017-11-14 19:25:00;5674.8;5675;5661.8;5675;36.34;206189.17;5673.88
2017-11-14 19:30:00;5675;5685;5674.9;5677.8;23.53;133604.25;5676.97
2017-11-14 19:35:00;5677.8;5685;5677.8;5685;2.91;16508.47;5681.69
2017-11-14 19:40:00;5685;5685;5664.9;5679.4;31.49;178590.56;5670.97
2017-11-14 19:45:00;5680;5680;5663;5670;29.43;166834.6;5669.31
2017-11-14 19:50:00;5670;5679.9;5665;5679.7;8.22;46631.49;5673.42
2017-11-14 19:55:00;5675.7;5719.7;5675.7;5718;34.53;196813.64;5699.66
2017-11-14 20:00:00;5703;5724;5691;5715;53.99;308785.99;5719.3
2017-11-14 20:05:00;5715;5720.5;5695;5701;11.84;67585.95;5706.31
2017-11-14 20:10:00;5715.9;5722;5701;5708.4;9.19;52511.2;5710.89
2017-11-14 20:15:00;5716.5;5724.6;5708.4;5715.2;12.43;71078.59;5717.77
2017-11-14 20:20:00;5715.3;5720.2;5715.1;5717.6;18.87;107902.62;5718.92
2017-11-14 20:25:00;5720.2;5730;5717;5720;21.77;124519.61;5721.05
2017-11-14 20:30:00;5720;5720;5710.1;5714.4;31.38;179447.5;5717.68
2017-11-14 20:35:00;5710.4;5720;5707.4;5715.4;12.99;74258.08;5715.69
2017-11-14 20:40:00;5715.4;5726.8;5711.6;5726.6;45.76;261772.61;5720.17
2017-11-14 20:45:00;5726.6;5726.8;5715.1;5720;14.05;80357.05;5720.13
2017-11-14 20:50:00;5720;5720;5700.9;5715.5;12.23;69840.62;5710.05
2017-11-14 20:55:00;5715.5;5718.9;5710.1;5715.2;2.62;14981.47;5715.5
2017-11-14 21:00:00;5715.2;5720;5706.1;5720;24.89;142221.47;5714.91
2017-11-14 21:05:00;5725;5726.8;5695;5699.4;16.43;93789.12;5707.86
2017-11-14 21:10:00;5699.4;5700;5695;5700;13.97;79636.04;5699.78
2017-11-14 21:15:00;5700;5720;5699.9;5719.8;11.56;66004.62;5708.13
2017-11-14 21:20:00;5714.9;5719;5695;5718.9;7.13;40717.6;5711.14
2017-11-14 21:25:00;5710;5725;5701.1;5705;16.55;94538.44;5713.99
2017-11-14 21:30:00;5705;5715;5685.6;5695.2;21.11;120297.76;5698.1
2017-11-14 21:35:00;5691.3;5705.6;5686;5690;15.14;86206.35;5694.2
2017-11-14 21:40:00;5693.2;5700;5687;5690;17.09;97294.27;5692.97
2017-11-14 21:45:00;5689.9;5690;5687;5689.9;9.66;54942.03;5689.74
2017-11-14 21:50:00;5689.4;5690;5683;5685;52.33;297583.27;5687.12
2017-11-14 21:55:00;5685;5689.9;5683;5685.5;16.42;93322.26;5684.86
2017-11-14 22:00:00;5685.5;5690;5682;5683;28.77;163573.5;5684.86
2017-11-14 22:05:00;5682;5700;5681;5692;75.56;429622.94;5686.21
2017-11-14 22:10:00;5692;5692;5683.1;5691.2;47.48;270227.4;5691.89
2017-11-14 22:15:00;5691.2;5692;5685.6;5692;10.93;62215.25;5690.34
2017-11-14 22:20:00;5692;5699;5686.8;5699;7.79;44325.77;5693.52
2017-11-14 22:25:00;5695;5699;5690;5690;15.05;85656.81;5693.1
2017-11-14 22:30:00;5690;5690;5684;5690;16.39;93273.51;5689.65
2017-11-14 22:35:00;5690;5690.9;5681;5683;32.48;184630.32;5684.7
2017-11-14 22:40:00;5682.4;5683;5681;5683;16.24;92305.32;5682.51
2017-11-14 22:45:00;5682;5683;5662;5662;28.02;158960.02;5672.57
2017-11-14 22:50:00;5662.4;5665;5660.1;5662.5;29.54;167334.06;5664.46
2017-11-14 22:55:00;5665;5680;5662.4;5679.9;11.78;66826.46;5671.79
2017-11-14 23:00:00;5680;5699;5668.1;5668.7;27.25;154812.13;5680.76
2017-11-14 23:05:00;5668.1;5679.3;5665;5666.1;27.1;153600.6;5667.99
2017-11-14 23:10:00;5666.2;5695;5666.2;5689;9.17;52132.44;5683.03
2017-11-14 23:15:00;5689;5695;5675.6;5676.9;16.16;91840.11;5683.08
2017-11-14 23:20:00;5679;5680;5679;5680;3.48;19755.57;5679.74
2017-11-14 23:25:00;5680;5680;5677;5679.3;9.67;54934.04;5679.94
2017-11-14 23:30:00;5679.9;5680;5679.3;5679.4;26.44;150166.66;5679.96
2017-11-14 23:35:00;5679.3;5682;5671;5678;16.69;94768.33;5679.39
2017-11-14 23:40:00;5682;5682;5678;5682;6.42;36475.85;5681.13
2017-11-14 23:45:00;5681.5;5682;5678;5681.9;6.41;36416.28;5681.6
2017-11-14 23:50:00;5681.9;5682;5671.6;5682;24.04;136576.64;5680.8
2017-11-14 23:55:00;5682;5682;5680;5682;19.36;109986.24;5681.98
2017-11-15 00:00:00;5682;5683;5680.1;5682.7;9.07;51543.42;5681.9
2017-11-15 00:05:00;5683.5;5719;5682.5;5716.7;120.92;688870.09;5696.78
2017-11-15 00:10:00;5716.4;5725;5715.1;5721;10.55;60338.26;5719.59
2017-11-15 00:15:00;5725;5750;5721.2;5749.9;67.49;387193.54;5737.2
2017-11-15 00:20:00;5740;5750.2;5740;5745;13.23;76053.84;5748.89
2017-11-15 00:25:00;5745;5755;5740;5751.4;27.5;158124.47;5750.36
2017-11-15 00:30:00;5750.2;5755;5745.1;5755;35.42;203836.58;5754.7
2017-11-15 00:35:00;5757;5789;5757;5789;43.87;253271.3;5773.82
2017-11-15 00:40:00;5788.6;5810.4;5780.1;5797.5;114.69;664937.63;5797.46
2017-11-15 00:45:00;5800;5830;5798;5830;76.08;442489.39;5816.17
2017-11-15 00:50:00;5821;5830;5793.7;5795.4;17.47;101456.82;5807.97
2017-11-15 00:55:00;5793.8;5828.6;5793.8;5800;33.77;196635.58;5822.8
2017-11-15 01:00:00;5800;5800;5793.8;5795.1;5.09;29510.76;5795.36
2017-11-15 01:05:00;5794;5813.9;5789;5813.9;20.24;117336.55;5796.52
2017-11-15 01:10:00;5798.2;5830;5789;5802.4;65.72;382341.9;5818.08
2017-11-15 01:15:00;5814.7;5830;5791.4;5804.6;31.45;182944.72;5816.6
2017-11-15 01:20:00;5802;5846.9;5799.8;5846.9;33.84;197417.1;5834.43
2017-11-15 01:25:00;5847;5861;5805;5807.5;88.69;518297.18;5843.71
2017-11-15 01:30:00;5807.4;5839.9;5795;5807.3;36.04;209309.49;5807.97
2017-11-15 01:35:00;5807.3;5807.5;5781.6;5800;15.03;87122.31;5797.73
2017-11-15 01:40:00;5800.2;5811.3;5783.1;5811.3;26.28;152343.57;5797.74
2017-11-15 01:45:00;5806;5812.7;5786.3;5800;1.49;8626.99;5800.92
2017-11-15 01:50:00;5800;5805;5793.7;5800;14.29;82880.11;5800.29
2017-11-15 01:55:00;5802.5;5809.6;5799.8;5805;10.55;61211.49;5801.04
2017-11-15 02:00:00;5809.7;5820;5799.6;5809.7;5.25;30493.08;5803.9
2017-11-15 02:05:00;5810;5820.9;5809.7;5820;18.07;105037.6;5811.25
2017-11-15 02:10:00;5820.1;5828.6;5809.9;5828.6;28.12;163668.04;5820.65
2017-11-15 02:15:00;5826.2;5861;5826.2;5861;22.97;134162.89;5841.16
2017-11-15 02:20:00;5855;5879;5855;5871;59.48;349123.44;5869.97
2017-11-15 02:25:00;5874.2;5890;5871;5871;45.75;269248.74;5885.07
2017-11-15 02:30:00;5871.5;5880.9;5870;5873.9;22.16;130132.79;5872.16
2017-11-15 02:35:00;5870;5880.9;5870;5879.4;27.03;158835.83;5877.04
2017-11-15 02:40:00;5879.4;5890;5875;5887.9;24.32;143045.88;5881.99
2017-11-15 02:45:00;5887.9;5890;5880.9;5889.2;37.65;221715.56;5888.17
2017-11-15 02:50:00;5888.6;5889.8;5882.6;5884.2;5.14;30248.24;5887.08
2017-11-15 02:55:00;5884.2;5889.9;5883.2;5889.9;25.98;152921;5885.4
2017-11-15 03:00:00;5888.5;5889.9;5884.1;5889.9;44.09;259493.86;5885.32
2017-11-15 03:05:00;5889.4;5889.9;5884;5888.7;9.75;57370.93;5886.08
2017-11-15 03:10:00;5884;5888.7;5855.2;5871.4;60.19;354012.29;5881.43
2017-11-15 03:15:00;5864.4;5879.2;5851.2;5875.2;14.46;84681.3;5854.51
2017-11-15 03:20:00;5859;5879.4;5859;5870;4.22;24760.52;5870.01
2017-11-15 03:25:00;5879.3;5879.3;5859.1;5859.1;6.61;38779.57;5869.71
2017-11-15 03:30:00;5851.8;5867.6;5849;5857.4;45.77;267883.05;5853.3
2017-11-15 03:35:00;5868;5889;5866.7;5867.5;14.28;83930.19;5877.49
2017-11-15 03:40:00;5863.2;5867.5;5857.7;5859.7;3.35;19630.69;5865.02
2017-11-15 03:45:00;5859.2;5861.5;5848;5857.7;8.5;49779.86;5855.72
2017-11-15 03:50:00;5848.5;5861.5;5848.4;5861.5;18.45;108055.15;5855.86
2017-11-15 03:55:00;5861.2;5872.3;5861.2;5872.3;14.46;84731.72;5861.65
2017-11-15 04:00:00;5871.6;5889.5;5865.6;5889.5;6.78;39820.85;5875.83
2017-11-15 04:05:00;5855.3;5882.4;5847.1;5880;6.04;35467.06;5868.17
2017-11-15 04:10:00;5874.4;5874.4;5857.6;5866.2;1.59;9295.2;5864.24
2017-11-15 04:15:00;5867.9;5878.3;5850.2;5865.5;9.46;55409.99;5858.54
2017-11-15 04:20:00;5850.4;5865.4;5850.3;5851.1;3.3;19333.5;5856.27
2017-11-15 04:25:00;5860.2;5860.6;5850.2;5850.2;3.09;18075.99;5852.9
2017-11-15 04:30:00;5850.2;5850.6;5831.1;5832.2;17.8;103924.25;5838.82
2017-11-15 04:35:00;5847.8;5847.8;5833.1;5834.3;9.74;56901.59;5840.95
2017-11-15 04:40:00;5844;5848;5833.2;5841.1;5.9;34479.63;5844.81
2017-11-15 04:45:00;5846.8;5847.6;5841.1;5845.1;2.98;17410.99;5845.96
2017-11-15 04:50:00;5845.7;5846;5845.2;5846;16.03;93707.64;5845.9
2017-11-15 04:55:00;5845.2;5846;5845;5846;6.14;35906.51;5845.55
2017-11-15 05:00:00;5846;5847.9;5845.2;5845.9;5.76;33664.15;5845.97
2017-11-15 05:05:00;5846;5848;5845;5846.1;5.06;29584.59;5847.51
2017-11-15 05:10:00;5846.1;5850.8;5846.1;5850.6;6.46;37784.35;5848.54
2017-11-15 05:15:00;5850.6;5851;5850.4;5850.8;6.88;40271.66;5850.78
2017-11-15 05:20:00;5851;5851;5846.2;5849.6;1.97;11529.63;5849.32
2017-11-15 05:25:00;5849.6;5859;5847.1;5859;24.27;142073.31;5853.83
2017-11-15 05:30:00;5859;5880;5854.4;5856.2;16.04;94027.13;5862.31
2017-11-15 05:35:00;5856.8;5889.6;5856.5;5874.7;36.81;216603.79;5885.01
2017-11-15 05:40:00;5884.6;5886.5;5856.8;5874.7;14.21;83464.55;5874.4
2017-11-15 05:45:00;5874.4;5874.7;5863;5869.9;19.88;116690.47;5870.84
2017-11-15 05:50:00;5869.9;5869.9;5857.4;5860;3.47;20314.12;5860.95
2017-11-15 05:55:00;5860;5868.9;5859;5859;5.71;33452.97;5860.58
2017-11-15 06:00:00;5860.1;5860.1;5843;5848;19.98;116934.32;5851.82
2017-11-15 06:05:00;5848;5848;5846;5847.9;2.08;12161.33;5847.79
2017-11-15 06:10:00;5848;5859.7;5847.7;5858.2;10.56;61776.97;5850.29
2017-11-15 06:15:00;5850;5860.1;5847.3;5858.6;15.06;88192.96;5854.42
2017-11-15 06:20:00;5856.4;5860.1;5850;5859.8;20.89;122373.28;5858.01
2017-11-15 06:25:00;5858.2;5871;5858.1;5869.4;16.59;97333.98;5865.54
2017-11-15 06:30:00;5869.2;5871;5865;5871;10.61;62272.91;5870.11
2017-11-15 06:35:00;5870.4;5888;5870.4;5888;19.53;114710.22;5874.54
2017-11-15 06:40:00;5879.7;5888;5875;5887.6;14.54;85507.34;5880.36
2017-11-15 06:45:00;5888;5889.9;5887.6;5888;18.34;108008.65;5888.32
2017-11-15 06:50:00;5888;5889.9;5887.6;5888;47.42;279193.94;5888.23
2017-11-15 06:55:00;5887.8;5888;5885;5887.5;20.91;123078.28;5887.49
2017-11-15 07:00:00;5887.7;5887.8;5881;5881.6;12.75;75039.27;5885.35
2017-11-15 07:05:00;5881.1;5889.9;5881.1;5889.9;41.07;241710.01;5885.64
2017-11-15 07:10:00;5888.9;5894.2;5887.8;5894.2;34.23;201605.33;5889.83
2017-11-15 07:15:00;5894.2;5900;5894.2;5900;84.79;500116.26;5898.03
2017-11-15 07:20:00;5900;5925.7;5899;5914.9;88.31;521453.65;5905.04
2017-11-15 07:25:00;5917.4;5940;5915;5940;21.18;125471.22;5923.33
2017-11-15 07:30:00;5919.1;5945;5919.1;5941.1;30.85;183299.5;5941.83
2017-11-15 07:35:00;5941.1;5950.4;5940;5945;62.9;374009.92;5946.55
2017-11-15 07:40:00;5946.8;5950.3;5928;5949.4;29.38;174665.91;5944.33
2017-11-15 07:45:00;5949.2;5956.5;5945;5950.4;33.59;199907.21;5950.75
2017-11-15 07:50:00;5950;5959;5949.6;5957.6;30.14;179431.72;5952.43
2017-11-15 07:55:00;5956.3;5957.6;5949.1;5949.2;32.18;191499.14;5950.86
2017-11-15 08:00:00;5949.1;5950;5921.7;5935;28.43;168869.13;5939.83
2017-11-15 08:05:00;5935;5940;5921.7;5936;46.6;276311.56;5929.91
2017-11-15 08:10:00;5936;5940;5934.9;5938.9;32.7;194175.77;5938.56
2017-11-15 08:15:00;5938.9;5950;5938.5;5950;34.01;202069.57;5941.65
2017-11-15 08:20:00;5940;5959;5939;5940;15.97;95020.36;5948.23
2017-11-15 08:25:00;5940;5960;5930.1;5960;106.75;633988.04;5939.04
2017-11-15 08:30:00;5960;5960;5940;5948.1;18.83;112022.55;5948.82
2017-11-15 08:35:00;5947.9;5949.9;5930.4;5939;28.88;171669.9;5943.54
2017-11-15 08:40:00;5939;5939.9;5923;5939;27.76;164510.85;5925.67
2017-11-15 08:45:00;5930;5939.9;5922;5922;29.14;172970.63;5936.08
2017-11-15 08:50:00;5922;5939.9;5921.9;5930;10.66;63224.56;5928.32
2017-11-15 08:55:00;5922.9;5940;5922;5940;25.69;152491.2;5935.88
2017-11-15 09:00:00;5938.9;5942.1;5930;5942.1;57.88;343769.69;5939.86
2017-11-15 09:05:00;5942.1;5950;5930;5930;78.19;464749.45;5943.48
2017-11-15 09:10:00;5930;5940;5927.7;5929;41.27;244787.67;5931.35
2017-11-15 09:15:00;5929;5940;5928.4;5940;26.7;158509.01;5935.76
2017-11-15 09:20:00;5940;5940;5939;5939.2;39.2;232859.81;5939.9
2017-11-15 09:25:00;5940;5960;5939.9;5960;53.5;318294.43;5949.07
2017-11-15 09:30:00;5950;5968;5950;5960;25.45;151729.74;5962
2017-11-15 09:35:00;5960;5960;5954;5958.7;47.1;280625.6;5958.02
2017-11-15 09:40:00;5957;5959;5954;5957.9;17.72;105562.98;5958.16
2017-11-15 09:45:00;5958.6;5958.7;5950;5958.7;8.18;48717.94;5955.63
2017-11-15 09:50:00;5958;5958.7;5950;5950;14.14;84168.24;5953.56
2017-11-15 09:55:00;5950;5958.6;5936;5939.6;85.29;507368.4;5949.01
2017-11-15 10:00:00;5939.6;5940;5911.5;5920;113.78;674573.69;5928.66
2017-11-15 10:05:00;5920;5920;5901;5901;44.26;261712.17;5913.21
2017-11-15 10:10:00;5901.2;5920;5901;5919;37.35;220787.74;5911.86
2017-11-15 10:15:00;5919;5925;5915;5918.9;13.77;81526.4;5919.81
2017-11-15 10:20:00;5918.9;5920;5915;5920;9.87;58448.46;5919.37
2017-11-15 10:25:00;5919.3;5920;5911;5920;39.25;232263.75;5918.11
2017-11-15 10:30:00;5920;5930;5920;5925.3;45.03;266867.88;5926.71
2017-11-15 10:35:00;5926;5926;5925.2;5926;12.93;76614.43;5925.77
2017-11-15 10:40:00;5926;5926;5925.9;5925.9;27.48;162817.79;5925.97
2017-11-15 10:45:00;5925.9;5945;5925.2;5945;29.56;175198.42;5926.33
2017-11-15 10:50:00;5945;5945.7;5930;5944;21.51;127843.25;5942.72
2017-11-15 10:55:00;5943;5943.8;5927;5939.8;59.08;350626.56;5935.28
2017-11-15 11:00:00;5940;5945;5930.1;5944.7;15.22;90406.24;5939.11
2017-11-15 11:05:00;5945;5945;5940;5943.8;12.53;74505.62;5944.69
2017-11-15 11:10:00;5943.8;5945;5943.8;5945;21.94;130459.23;5944.9
2017-11-15 11:15:00;5945;5966.9;5944.9;5958.5;38.09;226610.5;5949.97
2017-11-15 11:20:00;5958.5;5972;5947;5972;13.65;81447.34;5966.98
2017-11-15 11:25:00;5970;5980;5970;5978.4;40.63;242814.5;5975.97
2017-11-15 11:30:00;5975.2;5985;5975.2;5979;47.33;283064.21;5980.07
2017-11-15 11:35:00;5983;5987;5980;5986.4;33.18;198596.15;5985.34
2017-11-15 11:40:00;5986;5990;5986;5990;96.98;580849.15;5989.32
2017-11-15 11:45:00;5990;6000;5989.1;6000;122.21;732632.19;5995.01
2017-11-15 11:50:00;6000;6008;5994;6000;46.3;277787.72;5999.84
2017-11-15 11:55:00;6001;6078.7;6001;6056.5;98.99;599074.57;6052.1
2017-11-15 12:00:00;6056.5;6100;6050;6085;94.9;577280.97;6082.78
2017-11-15 12:05:00;6091.9;6099.9;6080;6098;52.99;323048.52;6096.1
2017-11-15 12:10:00;6098;6100;6090.2;6100;13.07;79737.38;6098.95
2017-11-15 12:15:00;6100;6120;6095;6102;96.15;586946.7;6104.26
2017-11-15 12:20:00;6102;6134;6102;6114;87.61;536194.79;6120.2
2017-11-15 12:25:00;6121.1;6140;6114;6138.7;85.15;521582.76;6125.17
2017-11-15 12:30:00;6138;6138.7;6121.8;6137.8;50.41;309130.85;6131.98
2017-11-15 12:35:00;6137.8;6145.1;6129.9;6140;54.37;333737.1;6138.21
2017-11-15 12:40:00;6140.6;6174.5;6140;6174.5;50.45;310639.61;6157.07
2017-11-15 12:45:00;6175;6195;6158.6;6195;74.65;461013.58;6175.99
2017-11-15 12:50:00;6189.5;6200;6181.4;6190;152.79;946989.73;6197.96
2017-11-15 12:55:00;6190;6200;6181.5;6198;40.1;248571.61;6198.6
2017-11-15 13:00:00;6198;6239;6198;6200.1;120.98;750422.41;6202.8
2017-11-15 13:05:00;6202.3;6240;6200;6206;69.74;433049.49;6209.49
2017-11-15 13:10:00;6205;6206;6151.6;6151.7;106.78;661065.17;6190.78
2017-11-15 13:15:00;6151.7;6187.5;6125;6145;106.56;655336.09;6150.12
2017-11-15 13:20:00;6140;6145;6121.9;6122;86.83;532295.41;6130.25
2017-11-15 13:25:00;6121.9;6184.9;6121.9;6130;82.25;505615.57;6147.36
2017-11-15 13:30:00;6139.8;6139.8;6119.8;6119.8;62.14;380616.63;6125.57
2017-11-15 13:35:00;6122;6125;6105;6105;51.49;314994.52;6117.11
2017-11-15 13:40:00;6110;6110;6071.1;6071.1;51.12;311445.59;6093.03
2017-11-15 13:45:00;6071.1;6125;6071;6103;43.61;266331.37;6106.89
2017-11-15 13:50:00;6090.6;6125;6089;6099.9;65.1;396876.04;6096.02
2017-11-15 13:55:00;6099.9;6100;6091;6100;64.08;390842.19;6099.47
2017-11-15 14:00:00;6099.9;6124.1;6090.9;6124.1;48.67;296907.42;6100.03
2017-11-15 14:05:00;6101.3;6150;6101;6124.1;32.49;198843.55;6120.07
2017-11-15 14:10:00;6123.9;6171.1;6110;6171.1;70.58;432783.41;6132.04
2017-11-15 14:15:00;6171.7;6171.7;6136.1;6160;68.4;421262.44;6158.51
2017-11-15 14:20:00;6160;6160;6155;6159;33.79;208043.89;6157.84
2017-11-15 14:25:00;6159.1;6160;6136.3;6138.5;80.34;494423.09;6154.05
2017-11-15 14:30:00;6144.4;6160;6138;6160;41.37;254756.35;6157.92
2017-11-15 14:35:00;6159.9;6160;6150;6150;97.96;602991.79;6155.29
2017-11-15 14:40:00;6154;6154;6126.1;6149.9;22.26;136838.92;6146.6
2017-11-15 14:45:00;6149.7;6160;6126.1;6153.7;114.66;705531.03;6153.17
2017-11-15 14:50:00;6150;6160;6149.9;6159;27.87;171584.32;6156.09
2017-11-15 14:55:00;6159;6159;6151;6156.4;19.77;121690.12;6156.09
2017-11-15 15:00:00;6156.4;6157;6149.9;6155.9;33.07;203494.54;6153.75
2017-11-15 15:05:00;6152.3;6172;6150.6;6172;154.31;950687.03;6160.87
2017-11-15 15:10:00;6172;6175;6171.3;6175;116.79;720850.78;6172.06
2017-11-15 15:15:00;6172.1;6195;6172.1;6180.7;51.83;320480.09;6182.99
2017-11-15 15:20:00;6189.7;6191.6;6170;6180;32.93;203562.23;6180.89
2017-11-15 15:25:00;6179.9;6186.7;6179.9;6185;25.81;159562.57;6182.54
2017-11-15 15:30:00;6185;6187.5;6180.9;6186;28.32;175136.62;6185.17
2017-11-15 15:35:00;6187.5;6195;6187.3;6188;26.57;164434.51;6189.01
2017-11-15 15:40:00;6188.1;6195;6188;6195;29.3;181445.36;6192.66
2017-11-15 15:45:00;6194;6198;6194;6197.8;8.31;51525.03;6197.09
